{"name":"Ace","seq":[{"i":[0],"y":[0,5],"t":[1,1,1,1,1,1,0,0]},{"i":[1,2],"y":[0,7],"t":[1,1,1,1,1,1,1,1]}],"type":"AgeCat","x":[18,92],"bins":[18,20,24,30,50,80],"xt":[20,30,40,50,60,70,80,90],"yt":[0,1,2,3,4,5,6,7],"z":1.64485,"series":[{"s":"Asexual","c":[0,0,0],"l":[40.06407,3.58901],"n":[117,185,275,405,465,472,562,778,663,751,832,827,948,743,834,784,618,733,461,243,503,481,547,364,368,332,286,344,259,283,261,242,252,217,189,194,205,201,133,164,170,129,114,122,95,81,89,87,74,68,41,52,38,26,26,20,8,13,6,5,9,1,1,1,3,1,1,0,0,0,0,0,0,1],"p":[1,9,16,14,20,32,24,47,28,34,37,40,41,42,29,30,19,32,15,13,24,18,20,19,10,16,18,17,11,12,7,13,8,12,5,7,15,9,7,6,5,6,4,5,3,3,6,3,6,1,2,1,2,3,0,1,1,0,0,1,0,0,1,0,0,0,0,0,0,0,0,0,0,0],"N":[102.0278,156.47755,248.63279,355.78294,426.37262,412.08705,493.15257,289.5335,281.20055,318.19919,350.78333,365.65278,384.40827,316.79963,361.40098,335.41724,280.21586,551.03566,362.42851,192.1132,401.61525,373.94614,438.25778,282.21598,292.11875,268.35605,230.12172,267.08344,192.94939,230.68809,201.36262,191.4804,769.94526,684.9903,552.05844,565.09983,599.16878,595.48234,383.9524,463.94052,506.01582,376.74476,275.73217,359.74267,278.17097,264.83408,242.93616,239.32819,209.11719,162.48209,109.93811,156.34372,106.17479,76.17348,67.79629,69.6857,21.82122,53.29218,21.69914,12.81192,26.95953,3.69347,2.60107,3.53958,8.46342,0.99125,3.53958,0,0,0,0,0,0,2.60107],"P":[0.84955,5.34326,12.81682,13.607,16.91829,26.3441,17.24709,15.776,9.68627,11.42486,9.65644,9.60758,10.99426,14.09262,7.89697,10.03025,8.49622,17.52536,6.90902,7.8819,14.24106,8.08191,9.98465,11.16945,8.51603,11.19048,9.84762,10.20003,7.68904,6.59298,3.84983,7.57252,19.15796,28.60034,7.57482,12.34478,34.77037,23.31408,19.23605,12.2953,10.91061,11.77502,7.89235,16.13431,2.8477,7.20134,14.34949,2.06819,10.83198,2.60107,5.20214,0,3.44597,4.76996,0,3.53958,4.44964,0,0,3.69347,0,0,2.16889,0,0,0,0,0,0,0,0,0,0,0]},{"s":"Asexual women","c":[1,0.54902,0],"l":[40.20854,4.85737],"n":[54,89,140,241,235,254,302,423,375,401,410,418,459,375,419,407,301,357,242,125,272,256,272,207,196,178,173,204,144,166,151,133,153,111,119,115,116,122,74,104,112,88,76,85,62,45,52,56,44,43,26,31,28,16,18,14,6,8,0,5,4,0,1,0,2,0,0,0,0,0,0,0,0,1],"p":[1,5,10,5,12,23,15,34,20,23,21,18,20,27,19,20,13,22,9,6,15,10,8,8,5,13,13,12,8,7,5,11,6,7,3,5,14,6,3,5,2,2,1,4,1,1,4,3,3,1,2,0,1,2,0,0,1,0,0,0,0,0,1,0,0,0,0,0,0,0,0,0,0,0],"N":[40.62199,67.32819,110.89106,191.87708,184.8784,191.84244,234.75516,146.16838,144.38117,161.93309,161.84533,175.64788,179.42722,149.18428,170.51225,160.07558,123.04969,241.60424,168.18128,90.51914,188.88336,184.34675,197.71939,149.06454,145.81691,130.00169,133.09208,142.30924,97.72232,128.55729,104.37522,97.27757,363.60335,274.30372,330.89385,318.43527,287.55627,323.16643,177.67373,277.72645,295.07797,211.51894,166.02937,232.97244,161.402,114.89477,118.41232,135.06523,98.91696,94.23521,59.40039,69.39966,70.16343,40.00825,44.82007,39.09636,14.74205,26.3963,0,12.81192,9.10774,0,2.60107,0,4.76996,0,0,0,0,0,0,0,0,2.60107],"P":[0.84955,3.05215,6.77449,3.33297,9.85166,17.76982,11.52153,11.47926,6.8506,8.43677,5.65804,2.88978,5.11087,8.56325,5.65486,6.63209,5.30566,14.10148,4.99518,3.14602,7.77705,4.58737,4.49667,5.20926,4.89781,9.86981,8.12171,7.23246,5.54232,5.06968,3.44459,6.45447,10.43047,13.22744,5.76121,10.53117,31.0769,15.17423,4.76996,11.38849,5.20214,3.63516,2.16889,14.85724,1.03409,2.60107,7.27033,2.06819,7.37103,2.60107,5.20214,0,2.16889,4.76996,0,0,4.44964,0,0,0,0,0,2.16889,0,0,0,0,0,0,0,0,0,0,0]},{"s":"Asexual men","c":[0.11765,0.56471,1],"l":[39.97739,2.63173],"n":[59,93,131,154,216,210,244,338,276,338,409,393,472,356,397,372,308,361,214,118,227,220,270,156,166,152,107,137,115,115,109,108,98,102,70,75,88,78,59,59,57,41,37,36,33,36,37,31,30,23,14,21,10,10,8,6,2,5,6,0,5,1,0,1,1,1,1,0,0,0,0,0,0,0],"p":[0,2,6,7,8,7,6,10,5,9,14,19,13,14,10,7,6,9,4,6,8,6,10,10,5,3,5,4,3,4,2,2,2,5,2,2,1,3,4,1,2,3,3,1,2,2,2,0,3,0,0,1,1,1,0,1,0,0,0,1,0,0,0,0,0,0,0,0,0,0,0,0,0,0],"N":[58.10802,86.25651,135.98783,156.28099,227.94517,214.0024,246.05382,139.87797,133.37241,153.0613,184.7832,184.86392,201.23082,162.81472,182.98256,173.10521,154.10761,298.90584,190.64732,101.59406,212.73189,186.91929,238.93393,132.29892,142.47238,138.15175,92.71804,123.01259,95.22708,100.6153,96.3181,93.98156,403.74084,381.19953,221.16459,237.72651,309.01144,272.31592,206.27867,184.04519,209.90375,165.22582,108.796,125.49315,116.76898,149.93931,124.52384,104.26295,110.20023,63.64661,48.36883,86.94407,36.01135,36.16524,22.97622,30.58934,7.07916,26.89588,21.69914,0,17.85179,3.69347,0,3.53958,3.69347,0.99125,3.53958,0,0,0,0,0,0,0],"P":[0,1.35829,6.04234,8.57492,7.06662,7.453,3.4854,3.73628,1.95608,2.43542,3.91274,5.65546,4.35768,5.0239,2.24212,2.98979,3.19056,2.75458,1.43391,4.73588,6.24273,1.88825,4.26317,5.73891,3.61822,1.32067,1.72591,2.7463,2.14672,1.32067,0.40524,1.11805,8.72749,15.3729,1.81361,1.81361,3.69347,8.13985,14.4661,0.9068,3.53958,8.13985,5.72346,1.27708,1.81361,4.60027,7.07916,0,3.46096,0,0,0,1.27708,0,0,3.53958,0,0,0,3.69347,0,0,0,0,0,0,0,0,0,0,0,0,0,0]}]}