{"name":"Arom","seq":[{"i":[0],"y":[0,10],"t":[1,1,1,1,1,1,0,0,0]},{"i":[1,2],"y":[0,15],"t":[1,1,1,1,1,1,1,1,1]}],"type":"AgeCat","x":[18,92],"bins":[18,20,24,30,50,80],"xt":[20,30,40,50,60,70,80,90],"yt":[0,2,4,6,8,10,12,14,16],"z":1.64485,"series":[{"s":"Not romantically attracted to anyone","c":[0,0,0],"l":[40.29523,1.70784],"n":[111,179,283,413,467,497,571,780,669,759,845,839,939,753,835,785,617,737,458,248,520,490,548,375,368,342,298,353,261,288,263,246,256,225,189,199,214,209,137,166,171,130,114,122,93,82,93,86,79,67,41,53,39,29,26,21,9,13,4,5,8,1,2,1,3,1,1,0,0,0,0,0,0,1],"p":[7,15,8,6,18,7,15,45,22,26,24,28,50,32,28,29,20,28,18,8,7,9,19,8,10,6,6,8,9,7,5,9,4,4,5,2,6,1,3,4,4,5,4,5,5,2,2,4,1,2,2,0,1,0,0,0,0,0,2,1,1,0,0,0,0,0,0,0,0,0,0,0,0,0],"N":[95.23604,149.12356,253.86,363.22772,426.32165,430.98153,499.19,290.68517,280.75054,319.73468,351.86678,367.66387,380.87667,317.15071,358.07075,332.98238,282.16022,548.46664,355.1028,194.47859,411.63873,377.40367,433.04265,288.51631,293.24597,275.70124,238.3321,273.17863,195.67454,232.75109,200.60955,194.14345,782.39236,704.24315,549.85784,573.93673,622.69746,614.34678,397.0478,463.71576,511.43605,376.33656,280.3221,365.66938,262.73536,258.69883,255.01732,235.16015,217.34811,160.63677,108.84571,156.34372,107.45186,80.94344,67.79629,73.22528,26.27086,53.29218,14.4661,12.81192,24.79064,3.69347,4.76996,3.53958,8.46342,0.99125,3.53958,0,0,0,0,0,0,2.60107],"P":[7.64131,12.69726,7.58961,6.16222,16.96926,7.44963,11.20967,14.62433,10.13628,9.88937,8.57299,7.59648,14.52585,13.74154,11.2272,12.46511,6.55186,20.09438,14.23473,5.5165,4.21758,4.62438,15.19979,4.86912,7.38881,3.84529,1.63724,4.10484,4.96389,4.52997,4.60291,4.90947,6.71086,9.34749,9.77542,3.50787,11.24169,4.44964,6.14065,12.52006,5.49037,12.18321,3.30242,10.20759,18.28331,13.33659,2.26833,6.23623,2.60107,4.44639,6.29453,0,2.16889,0,0,0,0,0,7.23305,3.69347,2.16889,0,0,0,0,0,0,0,0,0,0,0,0,0]},{"s":"Men not romantically attracted to anyone","c":[0.11765,0.56471,1],"l":[49.74372,4.08203],"n":[54,82,131,156,210,212,240,323,264,324,403,391,450,351,393,364,298,354,208,119,231,220,271,160,164,150,111,138,114,116,109,108,99,104,70,76,88,81,62,58,58,42,39,35,31,36,38,31,33,21,13,22,11,11,8,7,2,5,4,0,5,1,0,1,1,1,1,0,0,0,0,0,0,0],"p":[5,13,6,5,14,5,10,25,17,23,20,21,35,19,14,15,16,16,10,5,4,6,9,6,7,5,1,3,4,3,2,2,1,3,2,1,1,0,1,2,1,2,1,2,4,2,1,0,0,2,1,0,0,0,0,0,0,0,2,1,0,0,0,0,0,0,0,0,0,0,0,0,0,0],"N":[51.58798,75.85037,136.13967,158.96541,222.1055,215.94574,240.15772,132.69136,126.67952,146.99764,181.6341,184.05885,194.57709,159.8116,180.3334,169.16558,151.41206,289.5219,184.18595,103.81005,216.00186,185.92269,234.23124,134.21737,140.44133,136.37261,94.24134,123.89075,95.85872,99.82133,95.80791,93.84967,411.56153,388.21619,218.53182,238.63331,311.7981,280.45577,217.20518,177.87283,212.53653,168.91928,113.24238,122.32384,102.46816,141.20299,130.32593,104.26295,113.66119,59.20022,44.67536,86.94407,37.28843,36.16524,22.97622,34.12893,7.07916,26.89588,14.4661,0,17.85179,3.69347,0,3.53958,3.69347,0.99125,3.53958,0,0,0,0,0,0,0],"P":[6.52004,11.76444,5.8905,5.8905,12.90629,5.50966,9.3815,10.92289,8.64897,8.49908,7.06184,6.46053,11.01142,8.02702,4.89128,6.92942,5.88611,12.13852,7.89527,2.51989,2.97276,2.88484,8.96587,3.82045,5.64927,3.09981,0.20262,1.86813,1.51507,2.11465,0.91543,1.24994,0.9068,8.35624,4.44639,0.9068,0.9068,0,3.53958,7.07916,0.9068,4.44639,1.27708,4.44639,16.11442,13.33659,1.27708,0,0,4.44639,3.69347,0,0,0,0,0,0,0,7.23305,3.69347,0,0,0,0,0,0,0,0,0,0,0,0,0,0]},{"s":"Women not romantically attracted to anyone","c":[1,0.54902,0],"l":[45.90075,0.58594],"n":[53,94,148,245,245,275,313,441,391,421,427,431,469,392,427,415,310,369,243,128,284,264,270,213,198,190,181,211,147,171,153,137,156,117,119,119,125,127,75,107,111,87,74,86,62,46,55,55,46,44,27,31,28,18,18,14,7,8,0,5,3,0,2,0,2,0,0,0,0,0,0,0,0,1],"p":[2,0,2,1,2,2,4,16,4,3,4,5,10,10,11,12,4,10,8,3,3,2,10,2,3,1,5,5,5,2,3,7,3,1,3,1,5,1,2,2,3,3,3,3,1,0,1,4,1,0,1,0,1,0,0,0,0,0,0,0,1,0,0,0,0,0,0,0,0,0,0,0,0,0],"N":[40.35027,70.38035,115.96643,194.93833,192.13991,207.67229,244.88369,154.59231,150.21567,168.97957,165.99223,177.48736,182.36308,153.55013,172.65984,162.20599,127.6896,250.58311,166.837,90.66854,195.4156,187.88544,195.98214,153.22513,148.97518,139.12601,139.77917,147.30498,99.81582,132.08358,104.13233,100.07251,368.22976,286.53992,331.32602,326.36537,308.29829,333.89101,179.84262,283.67405,295.69654,207.41728,166.17292,242.06847,160.2672,117.49584,124.6914,130.89719,103.68692,96.83628,62.00146,69.39966,70.16343,44.7782,44.82007,39.09636,19.1917,26.3963,0,12.81192,6.93885,0,4.76996,0,4.76996,0,0,0,0,0,0,0,0,2.60107],"P":[1.12128,0,1.69911,0.27172,2.59015,1.93996,1.393,3.05533,1.0161,1.39029,1.51115,1.0503,2.17501,4.1974,3.50727,4.50167,0.66575,5.12261,6.33946,2.99661,1.24482,1.04867,6.23392,1.04867,1.73954,0.74549,1.43462,2.23671,3.44882,1.54339,3.68748,3.65953,5.80405,0.99125,5.32903,2.60107,10.33488,4.44964,2.60107,5.44089,4.58357,7.73683,2.02534,5.76121,2.16889,0,0.99125,6.23623,2.60107,0,2.60107,0,2.16889,0,0,0,0,0,0,0,2.16889,0,0,0,0,0,0,0,0,0,0,0,0,0]}]}