{"name":"GenderHandedR","seq":[{"i":[0,1],"y":[0,100],"t":[1,1,1,1,1,1,1,1,0,1,0,1,0,1]},{"i":[2,3],"y":[70,100],"t":[0,0,0,0,0,0,0,1,1,1,1,1,1,1]}],"type":"AgeCat","x":[18,84],"bins":[18,21,25,30,40,50,80],"xt":[20,30,40,50,60,70,80,90],"yt":[0,10,20,30,40,50,60,70,75,80,85,90,95,100],"z":1.64485,"series":[{"s":"Strictly left handed","c":[1,0.27059,0],"l":[36.65578,12.34379],"n":[18,36,60,89,146,131,191,189,219,236,234,229,248,224,238,217,131,5,7,6,159,135,117,100,90,97,84,80,73,70,58,78,66,45,59,63,47,67,55,40,47,33,41,27,39,20,25,19,25,26,16,5,15,10,7,5,6,5,1,3,1,1,1,1,0,0],"p":[0,2,6,12,14,22,19,22,19,22,24,29,24,19,23,24,16,3,0,0,17,7,12,13,10,11,5,4,8,11,13,7,3,6,3,4,5,5,1,0,5,6,3,4,1,2,4,2,5,1,5,0,0,0,0,0,0,1,0,0,0,0,0,0,0,1],"N":[11.39302,31.45893,56.13288,75.91486,115.40952,113.73057,161.7449,73.1117,83.74861,90.60496,86.97421,89.95085,104.38217,89.42997,89.56723,84.87082,49.25975,6.10828,6.0483,4.83807,166.59557,136.46014,110.05571,96.52882,85.59968,100.28328,84.81259,80.56873,75.89278,69.05009,52.46708,75.77368,194.17136,135.52561,140.32109,166.01872,110.41641,153.71436,140.69623,128.29494,114.27805,81.36041,91.86796,65.09243,108.74335,48.27633,73.35343,54.6981,59.9594,63.41969,37.34869,22.53275,35.98402,36.20261,14.71352,17.27479,12.08153,23.66409,3.04991,7.13286,2.04147,1.89276,2.04147,2.04147,0,0],"P":[0,0.99833,5.13396,11.7117,11.17069,18.07429,12.66676,9.14913,7.41951,7.99672,8.73704,10.81325,10.90665,6.83148,8.63968,8.5638,6.35629,2.56,0,0,17.9446,5.29339,10.80066,11.54128,8.66199,8.52912,3.63736,6.86656,7.65015,8.9625,12.75365,6.20091,5.43506,16.15025,5.39482,10.03405,12.08516,11.04248,2.04147,0,12.95163,12.07552,6.83542,11.73668,3.97205,5.09138,11.67537,4.94267,14.26038,2.04147,11.93644,0,0,0,0,0,0,3.05954,0,0,0,0,0,0,0,3.05954]},{"s":"Strictly right handed","c":[0,0,0],"l":[40.22111,87.23958],"n":[0,3,10,24,29,34,35,42,54,43,54,51,48,40,44,48,28,4,1,0,32,27,24,21,19,22,13,15,14,21,22,16,13,15,12,13,10,17,10,5,11,10,7,5,6,4,7,4,8,7,6,0,2,0,1,1,2,1,0,0,0,0,0,0,0,1],"p":[18,35,56,77,131,119,175,169,184,215,204,207,224,203,217,193,119,4,6,6,144,115,105,92,81,86,76,69,67,60,49,69,56,36,50,54,42,55,46,35,41,29,37,26,34,18,22,17,22,20,15,5,13,10,6,4,4,5,1,3,1,1,1,1,0,0],"N":[0,0.99833,7.74663,19.40204,20.46448,29.639,25.36351,16.1069,21.9419,14.25415,19.15785,19.2212,20.40914,13.71662,16.24031,16.50444,11.97141,3.64932,0.76041,0,33.76196,21.68947,24.07092,18.6688,17.04621,21.24734,12.18177,16.16437,14.77308,17.84099,20.64561,14.69703,54.31192,52.69707,27.01863,31.59164,22.86445,39.5438,25.97871,13.13141,24.01872,20.95242,15.14107,16.96856,17.06564,9.45317,18.80823,18.45514,22.4113,17.11312,14.98635,0,5.09138,0,2.04147,3.04991,3.20463,3.05954,0,0,0,0,0,0,0,3.05954],"P":[11.39302,31.45893,53.52021,68.22452,106.11573,102.16586,149.04816,66.15394,69.22623,84.34752,76.5534,81.5429,94.87967,82.54483,81.9666,76.93019,43.64463,5.01897,5.28789,4.83807,150.77821,120.06406,96.78545,89.4013,77.21546,87.56505,76.26818,71.27092,68.76985,60.1716,44.57512,67.27757,145.29449,98.97879,118.69728,144.46113,99.63712,125.21305,116.759,115.16354,103.21096,72.48351,83.56231,59.86055,95.64976,43.91455,66.22058,41.18563,51.80848,48.34805,34.29878,22.53275,30.89264,36.20261,12.67205,14.22488,8.8769,23.66409,3.04991,7.13286,2.04147,1.89276,2.04147,2.04147,0,0]},{"s":"Women","c":[1,0.54902,0],"l":[47.55905,87.34375],"n":[0,1,3,9,16,10,19,10,24,15,25,26,18,14,17,25,17,1,1,0,15,18,9,10,9,14,8,7,9,8,12,13,8,10,7,7,7,9,6,1,9,6,5,2,2,2,5,2,2,3,3,0,1,0,1,0,2,0,0,0,0,0,0,0,0,0],"p":[5,9,22,39,52,60,83,100,82,110,89,103,99,102,111,95,64,1,4,1,81,64,52,49,44,44,46,38,33,35,27,42,39,21,29,36,29,39,31,24,25,20,28,17,21,11,16,13,14,14,10,1,7,2,5,1,3,3,0,2,1,1,1,1,0,0],"N":[0,0,2.65394,9.2479,14.34562,9.87944,14.18341,5.09285,9.74154,5.238,9.03285,10.03978,7.86653,4.89246,6.47636,9.20135,7.6904,0.91908,0.76041,0,12.39481,13.4027,7.31369,8.55613,7.10328,10.83735,6.07726,6.39153,8.2412,5.71941,10.52243,11.60018,15.49372,22.28069,11.74982,13.26329,13.69546,17.62969,16.28351,0,20.96881,11.8027,9.03162,7.27335,3.93423,3.35335,12.70841,3.93423,4.08295,6.12442,5.82699,0,2.04147,0,2.04147,0,3.20463,0,0,0,0,0,0,0,0,0],"P":[3.35401,11.16152,20.78839,33.25765,48.00165,57.86163,79.9836,38.04645,32.22265,44.83138,32.76812,43.47136,43.10673,41.63504,42.8332,38.06876,23.66983,0.76041,3.19481,0.91908,80.84537,63.08505,43.97642,48.71572,39.09074,41.96183,42.58747,36.03266,29.73985,29.58896,23.66324,39.41077,92.45647,47.83971,56.7288,86.28083,59.93051,80.00246,72.93078,60.13511,45.61686,43.55708,61.62894,32.35357,56.57752,22.01007,46.97972,28.98599,27.98578,30.00043,18.11746,1.89276,12.57392,3.35335,9.61251,5.66136,5.82699,17.55464,0,4.08295,2.04147,1.89276,2.04147,2.04147,0,0]},{"s":"Men","c":[0.11765,0.56471,1],"l":[32.34422,74.45312],"n":[0,1,7,15,12,24,15,30,29,24,28,23,29,26,25,21,11,3,0,0,17,8,14,11,10,8,5,7,5,13,10,3,5,5,5,6,3,8,3,4,1,4,2,3,4,2,2,2,6,4,3,0,1,0,0,1,0,1,0,0,0,0,0,0,0,1],"p":[13,26,33,36,78,58,92,66,99,103,114,104,124,98,101,95,55,3,2,5,61,51,51,40,37,42,30,31,34,25,21,25,17,14,21,17,13,15,14,10,16,9,9,9,13,7,6,4,8,6,5,4,6,8,1,3,1,2,1,1,0,0,0,0,0,0],"N":[0,0.99833,5.09269,10.15414,6.11886,19.75955,11.18009,11.01404,12.20036,9.01615,10.12499,9.18142,12.54261,8.82415,9.76395,7.30309,4.28101,2.73023,0,0,21.36715,8.28677,16.75723,10.11267,9.94294,10.40999,6.10452,9.77283,6.53188,12.12157,10.12318,3.09684,38.81821,30.41638,15.26881,18.32835,9.16899,21.91411,9.69521,13.13141,3.04991,9.14973,6.10945,9.69521,13.13141,6.09982,6.09982,14.52091,18.32835,10.98869,9.15936,0,3.04991,0,0,3.04991,0,3.05954,0,0,0,0,0,0,0,3.05954],"P":[8.03901,20.29741,32.73182,34.96686,58.11409,44.30423,69.06455,28.10748,37.00357,39.51615,43.78528,38.07154,51.77294,40.90979,39.13341,38.86143,19.97479,4.25856,2.09308,3.91899,69.93284,56.97902,52.80903,40.68557,38.12472,45.60322,33.68071,35.23826,39.03,30.58264,20.91188,27.86679,52.83802,51.13908,61.96848,58.1803,39.70661,45.21059,43.82821,55.02842,57.5941,28.92643,21.93337,27.50698,39.07224,21.90447,19.24086,12.19963,23.8227,18.34762,16.18132,20.63999,18.31872,32.84926,3.05954,8.56352,3.04991,6.10945,3.04991,3.04991,0,0,0,0,0,0]}]}