{"name":"PolyNotNonmonog","seq":[{"i":[0],"y":[0,7],"t":[1,1,1,1,1,1,1,1,0,0,0,0,0,0,0,0]},{"i":[0,1],"y":[0,10],"t":[1,1,1,1,1,1,1,1,1,1,1,0,0,0,0,0]},{"i":[0,1,2],"y":[0,33],"t":[1,0,0,0,0,1,0,0,0,0,1,1,1,1,1,1]}],"type":"AgeCat","x":[18,92],"bins":[18,20,24,30,50,80],"xt":[20,30,40,50,60,70,80,90],"yt":[0,1,2,3,4,5,6,7,8,9,10,15,20,25,30,35],"z":1.64485,"series":[{"s":"Polyamorous","c":[0.8549,0.64706,0.12549],"l":[39.86181,3.68894],"n":[114,187,283,396,454,477,548,783,647,731,813,829,926,746,814,781,608,719,454,245,503,473,543,356,356,325,283,343,257,279,254,240,246,223,183,198,214,201,136,161,169,132,111,126,94,81,90,87,78,68,42,52,38,28,26,20,9,12,6,6,8,1,1,1,3,1,1,0,0,0,0,0,0,0],"p":[4,7,8,23,31,27,38,42,44,54,56,38,63,39,49,33,29,46,22,11,24,26,24,27,22,23,21,18,13,16,14,15,14,6,11,3,6,9,4,9,6,3,7,1,4,3,5,3,2,1,1,1,2,1,0,1,0,1,0,0,1,0,1,0,0,0,0,0,0,0,0,0,0,1],"N":[98.8661,155.28982,253.97819,348.05613,414.43207,414.03127,476.71153,292.06894,275.36108,309.57298,342.18529,361.35434,375.86242,318.26924,350.97929,331.34189,275.84722,539.20992,354.14965,191.25084,402.63888,362.33335,430.55916,272.43231,284.47959,261.33304,226.14256,266.87706,193.23111,224.4449,195.86371,188.58377,730.46178,706.49452,521.63643,573.37766,620.83341,591.90146,393.78651,448.30676,506.57655,384.07339,270.48334,372.3374,256.32182,267.26546,245.70736,231.56226,214.2407,161.54357,111.60066,155.30963,104.41862,78.34237,67.79629,71.05639,26.27086,49.7526,21.69914,16.50539,23.41995,3.69347,2.60107,3.53958,8.46342,0.99125,3.53958,0,0,0,0,0,0,0],"P":[4.01126,6.53099,7.47142,21.33381,28.85884,24.39988,33.68814,13.24056,15.52574,20.05107,18.25449,13.90602,19.5401,12.62301,18.31867,14.1056,12.86486,29.3511,15.18788,8.74425,13.21743,19.6947,17.68327,20.95312,16.15519,18.21349,13.82678,10.40641,7.40732,12.83617,9.34875,10.46916,58.64144,7.09612,37.99683,4.06694,13.10574,26.89496,9.40194,27.92906,10.34988,4.44639,13.14119,3.53958,24.69686,4.76996,11.57829,9.83412,5.70847,3.53958,3.53958,1.03409,5.20214,2.60107,0,2.16889,0,3.53958,0,0,3.53958,0,2.16889,0,0,0,0,0,0,0,0,0,0,2.60107]},{"s":"Non-monogamous","c":[0.54118,0.16863,0.88627],"l":[40.32412,7.51953],"n":[111,185,277,379,445,464,531,731,631,707,789,799,896,707,779,739,580,695,423,230,483,456,511,334,340,311,275,329,248,267,237,233,232,206,174,183,205,186,125,151,163,124,109,120,92,77,87,81,72,61,38,50,37,27,26,20,9,13,6,6,8,1,1,1,3,1,0,0,0,0,0,0,0,0],"p":[7,9,14,40,40,40,55,94,60,78,80,68,93,78,84,75,57,70,53,26,44,43,56,49,38,37,29,32,22,28,31,22,28,23,20,18,15,24,15,19,12,11,9,7,6,7,8,9,8,8,5,3,3,2,0,1,0,0,0,0,1,0,1,0,0,0,1,0,0,0,0,0,0,1],"N":[96.25104,153.0252,249.71534,338.70805,407.4297,401.99768,464.31766,280.6168,269.06783,296.28213,331.5023,350.2642,361.1955,300.0745,335.02302,316.25116,263.63141,523.36222,333.39662,182.23846,381.48711,354.64644,403.6062,261.69616,272.54399,250.51496,219.25338,254.79208,185.32477,214.33541,182.70721,184.54614,665.06021,664.12709,469.82559,536.19109,604.07999,545.95512,366.30003,411.23596,482.76782,368.50505,269.86236,352.31671,249.08877,242.38459,236.6146,220.65677,198.83701,142.71784,102.70506,149.72845,99.03046,73.86428,67.79629,60.7955,26.27086,53.29218,21.69914,16.50539,23.41995,3.69347,2.60107,3.53958,8.46342,0.99125,0,0,0,0,0,0,0,0],"P":[6.62632,8.79562,11.73427,30.68189,35.8612,36.43348,46.082,24.6927,21.81899,33.34192,28.93747,24.99615,34.20702,30.81775,34.27494,29.19632,25.08067,45.1988,35.94091,17.75663,34.3692,27.38161,44.63624,31.68927,28.09079,29.03158,20.71597,22.49139,15.31366,22.94565,22.50525,14.50678,124.043,49.46355,89.80767,41.25351,29.85916,72.8413,36.88842,64.99986,34.15861,20.01472,13.76217,23.56027,31.9299,29.65083,20.67105,20.7396,21.11217,22.36531,12.43518,6.61528,10.59029,7.07916,0,12.42978,0,0,0,0,3.53958,0,2.16889,0,0,0,3.53958,0,0,0,0,0,0,2.60107]},{"s":"Not monogamous","c":[0,0,0],"l":[39.94849,17.23047],"n":[84,138,236,315,380,390,442,545,515,567,622,640,686,596,648,605,491,538,398,198,438,394,427,295,303,279,235,288,222,241,216,204,209,185,162,173,191,179,122,131,149,109,102,105,84,66,77,73,65,55,37,49,36,25,23,20,9,10,5,6,8,1,2,1,3,0,0,0,0,0,0,0,0,0],"p":[34,56,55,104,105,114,144,280,176,218,247,227,303,189,215,209,146,227,78,58,89,105,140,88,75,69,69,73,48,54,52,51,51,44,32,28,29,31,18,39,26,26,16,22,14,18,18,17,15,14,6,4,4,4,3,1,0,3,1,0,1,0,0,0,0,1,1,0,0,0,0,0,0,1],"N":[76.99262,113.16294,212.39441,274.33576,341.83307,338.57221,387.32037,221.25993,218.50278,252.66694,278.4459,297.23773,298.73165,261.61424,289.30302,270.92214,226.42054,437.03096,317.40624,154.27719,361.66092,316.88091,351.71217,228.63471,248.47677,227.96595,193.05559,230.99533,174.87103,198.03641,168.48516,165.78634,621.59566,608.34604,480.59796,492.58868,566.45224,526.66978,354.48973,379.16925,466.8511,335.29685,262.06121,328.63854,222.44703,220.68027,213.84817,199.50686,176.04355,135.09633,95.90419,147.18928,98.71015,70.03283,64.35032,69.53182,26.27086,44.98264,18.00568,16.50539,23.41995,3.69347,4.76996,3.53958,8.46342,0,0,0,0,0,0,0,0,0],"P":[25.88473,48.65788,49.0552,95.05418,101.45784,99.85894,123.07929,84.04957,72.38404,76.9571,81.99387,78.02263,96.67088,69.27802,79.99493,74.52535,62.29154,131.53006,51.93129,45.71791,54.19539,65.14714,96.53026,64.75072,52.15801,51.58058,46.91375,46.28814,25.76741,39.24465,36.7273,33.26658,167.50756,105.2446,79.0353,84.85592,67.48691,92.12664,48.69872,97.06657,50.07533,53.22292,21.56331,47.23844,58.57164,51.35515,43.43748,41.88952,43.90562,29.98683,19.23605,9.15444,10.91061,10.91061,3.44597,3.69347,0,8.30954,3.69347,0,3.53958,0,0,0,0,0.99125,3.53958,0,0,0,0,0,0,2.60107]}]}