{"name":"Married","seq":[{"i":[0],"y":[0,100],"t":[1,1,1,1,1,1,1,1,1,1,1]},{"i":[1,2],"y":[0,100],"t":[1,1,1,1,1,1,1,1,1,1,1]},{"i":[3,4],"y":[0,50],"t":[1,1,1,1,1,1,1,1,1,1,1]}],"type":"AgeCat","x":[18,90],"bins":[18,19,22,28,34,41,53,64,75,90],"xt":[20,25,30,35,40,45,50,55,60,65,70,75,80],"yt":[0,10,20,30,40,50,60,70,80,90,100],"z":1.64485,"series":[{"s":"Married","c":[0,0,0],"l":[46.16709,65.49479],"n":[21,33,57,99,108,90,124,187,126,143,144,120,152,112,102,125,99,99,100,73,72,79,78,67,48,62,34,37,40,37,22,36,27,32,19,19,28,31,24,22,34,20,28,20,20,24,19,13,17,8,13,10,9,6,2,5,6,4,3,0,2,2,0,1,0,0,1,0,0,1,0,1],"p":[0,2,1,11,14,31,50,286,67,55,91,94,208,135,162,117,127,178,130,134,130,105,149,105,119,79,84,91,66,67,76,59,65,59,54,50,37,47,45,35,36,32,41,32,35,22,24,15,18,22,13,10,9,9,3,5,8,0,1,4,1,2,1,1,0,0,0,1,0,0,0,0],"N":[31.47868,52.73107,76.33166,127.16251,134.27202,117.13636,162.59146,74.81425,65.76447,78.04351,83.71382,60.6979,79.11369,65.04366,61.92359,70.55149,56.60138,75.66797,78.40812,55.08816,55.38613,66.52607,66.90412,53.59733,40.20172,54.19659,28.20733,25.61961,28.69612,27.96786,15.92301,29.15317,67.99478,103.15085,52.89885,70.31637,75.85082,85.53071,73.15392,64.25799,130.50902,51.49665,72.46411,48.29818,44.11592,62.81544,58.78658,26.40936,44.03468,23.72167,35.26818,27.44533,29.63016,14.66232,5.26527,13.12056,17.48056,15.57123,12.67014,0,5.63846,5.73445,0,3.72835,0,0,2.11346,0,0,0.50342,0,2.58265],"P":[0,2.89497,1.66884,5.85063,9.53015,22.96274,46.75279,76.98978,18.40388,21.96451,31.33261,30.1663,64.40943,56.28567,59.92287,59.80608,57.58496,88.78774,69.92419,83.71008,78.38685,59.20784,81.50443,63.73687,69.31496,47.95992,50.10903,46.91762,44.10267,34.29412,42.56564,35.08968,125.1886,117.3875,95.76469,104.33045,63.18855,121.15757,91.22203,76.8761,81.922,64.68767,64.85411,68.18459,72.34465,51.18599,57.40075,34.25937,44.38114,82.1878,36.78406,23.98955,23.6673,27.48641,8.69029,16.54782,24.30559,0,3.525,14.30335,2.58265,7.25335,3.525,0.47149,0,0,0,0.47149,0,0,0,0]},{"s":"Married men","c":[0.11765,0.56471,1],"l":[46.2456,47.78646],"n":[12,16,32,35,44,41,55,92,57,50,54,52,71,49,45,54,45,45,51,42,31,33,41,34,25,20,14,15,13,17,13,14,9,12,9,8,9,10,8,5,12,6,9,7,4,7,7,3,5,2,5,2,2,2,0,1,2,1,1,0,1,0,0,1,0,0,0,0,0,1,0,0],"p":[0,0,1,1,5,9,9,68,23,22,31,41,108,53,69,54,53,75,53,56,50,41,67,54,62,31,34,42,23,24,34,19,27,26,18,23,13,23,18,15,14,15,18,17,10,10,10,5,7,8,7,5,5,5,1,3,4,0,1,4,0,2,1,0,0,0,0,0,0,0,0,0],"N":[22.84414,35.15337,43.55622,56.81918,59.88227,59.23453,87.87014,38.66965,36.50474,35.07585,38.39904,32.32886,45.63701,35.50173,34.56269,37.71463,30.80967,41.21578,45.19357,35.15526,26.56153,32.06754,40.42929,31.11002,22.16746,19.55855,15.02284,12.67922,12.32532,15.06447,9.89581,14.14515,26.42141,53.92086,30.96262,31.92788,32.53839,34.71388,34.64669,22.79917,81.19965,15.71687,26.42141,21.96338,7.71986,21.76004,25.69173,7.25335,18.43838,7.45669,19.10087,7.25335,12.02082,4.23176,0,3.72835,7.05,8.29247,3.525,0,3.525,0,0,3.72835,0,0,0,0,0,0.50342,0,0],"P":[0,0,1.66884,0.32388,5.29895,9.50881,12.88291,27.47038,5.68089,9.9248,11.93212,12.88945,31.00184,24.10611,30.30659,30.49175,30.64951,39.34055,29.91412,38.95112,33.17234,26.79994,38.74927,37.16263,44.20704,19.79014,21.0164,23.13282,19.54797,11.16966,21.56134,14.03622,70.795,66.21615,36.75098,55.16801,15.02048,79.14195,40.29028,32.35278,37.74008,26.30225,27.44598,36.58455,20.51188,23.86634,23.36292,11.95162,16.60563,52.97052,22.22655,11.91471,15.21346,17.62501,3.525,12.32089,14.91338,0,3.525,14.30335,0,7.25335,3.525,0,0,0,0,0,0,0,0,0]},{"s":"Married women","c":[1,0.54902,0],"l":[39.60553,65.36458],"n":[8,17,23,60,62,45,57,83,63,84,88,65,75,59,55,69,51,50,45,30,41,45,35,33,23,41,20,21,27,20,8,22,15,20,10,10,19,21,16,15,22,14,19,13,16,17,12,10,12,6,8,8,7,4,2,3,4,3,2,0,1,2,0,0,0,0,1,0,0,0,0,1],"p":[0,2,0,9,7,18,40,189,41,27,57,53,86,78,80,63,70,94,73,74,76,61,77,50,51,48,50,44,41,43,39,36,33,32,35,25,23,22,27,19,21,17,22,15,24,12,14,10,11,14,6,5,4,4,2,2,4,0,0,0,1,0,0,1,0,0,0,1,0,0,0,0],"N":[7.4084,17.5777,30.88101,68.61392,73.81424,53.31801,62.26636,33.27562,25.82357,39.46718,43.78314,27.9569,31.79164,27.90854,26.82836,32.28729,24.50561,33.05675,28.74238,19.9329,28.8246,33.83127,25.70664,22.48731,18.03426,33.86985,13.18449,12.82307,16.37081,12.90339,5.47064,15.00803,36.87726,49.22999,21.93623,36.27503,43.31243,50.81683,38.50722,34.39292,49.30937,35.77978,46.0427,26.3348,36.39607,41.0554,33.09485,19.15602,25.5963,16.26498,16.16731,20.19198,17.60934,10.43056,5.26527,6.80957,10.43056,7.27875,9.14513,0,2.11346,5.73445,0,0,0,0,2.11346,0,0,0,0,2.58265],"P":[0,2.89497,0,5.52675,4.00561,11.53345,33.64429,46.1961,12.72299,10.72456,19.34138,17.27685,32.44439,30.33081,27.93057,29.31433,26.87635,48.08132,39.00797,42.94254,44.85338,31.63972,42.25122,26.45693,23.85295,28.16978,29.09263,22.41251,24.42996,23.12446,19.98662,20.30961,52.47541,50.69986,56.43106,48.22444,47.69658,41.51189,50.93174,34.55883,44.18191,38.38542,37.40813,31.60004,51.36128,27.31965,34.03783,22.30775,27.77552,29.21729,14.55751,12.07483,8.45384,9.8614,5.16529,4.22692,9.39221,0,0,0,2.58265,0,0,0.47149,0,0,0,0.47149,0,0,0,0]},{"s":"Widowed men","c":[0.11765,0.56471,1],"l":[68.67085,5.54754],"n":[12,16,32,36,49,49,64,157,78,71,83,91,174,100,109,107,97,117,101,97,79,74,104,85,87,51,47,55,35,41,46,32,35,37,26,31,21,33,26,20,25,19,24,24,13,17,17,8,12,10,11,7,5,6,1,4,6,1,2,4,1,2,1,1,0,0,0,0,0,1,0,0],"p":[0,0,1,0,0,1,0,3,2,1,2,2,5,2,5,1,1,3,3,1,2,0,4,3,0,0,1,2,1,0,1,1,1,1,1,0,1,0,0,0,1,2,3,0,1,0,0,0,0,0,1,0,2,1,0,0,0,0,0,0,0,0,0,0,0,0,0,0,0,0,0,0],"N":[22.84414,35.15337,43.55622,57.14307,65.18121,68.74334,100.75305,65.52963,42.11735,44.93237,50.19461,45.09093,76.41711,58.55466,63.74783,68.20638,61.3909,80.18209,74.85572,74.10637,58.31123,58.86748,77.63117,67.89594,66.3745,39.34869,35.91202,33.5005,31.87328,26.23413,31.45715,28.18136,96.74989,119.6705,67.7136,87.09589,47.05545,113.85583,74.93698,55.15195,115.21138,34.76578,46.14753,58.54793,28.23174,45.62638,49.05465,19.20497,35.04401,60.42721,37.13993,19.16806,19.98093,21.35335,3.525,16.04924,21.96338,8.29247,7.05,14.30335,3.525,7.25335,3.525,3.72835,0,0,0,0,0,0.50342,0,0],"P":[0,0,1.66884,0,0,0,0,0.61039,0.06828,0.06828,0.13656,0.12738,0.22175,1.05318,1.12146,0,0.06828,0.37424,0.25197,0,1.42264,0,1.54739,0.37671,0,0,0.12722,2.31154,0,0,0,0,0.46651,0.46651,0,0,0.50342,0,0,0,3.72835,7.25335,7.71986,0,0,0,0,0,0,0,4.18749,0,7.25335,0.50342,0,0,0,0,0,0,0,0,0,0,0,0,0,0,0,0,0,0]},{"s":"Widowed women","c":[1,0.54902,0],"l":[67.95572,28.19454],"n":[8,19,23,69,69,62,96,268,102,111,141,115,159,136,134,130,120,140,113,104,114,104,111,82,71,88,69,63,67,56,46,53,48,51,45,34,39,43,40,31,37,28,38,25,38,25,22,18,20,18,12,8,9,6,3,4,7,1,2,0,2,1,0,1,0,0,0,1,0,0,0,1],"p":[0,0,0,0,0,1,1,4,2,0,4,3,2,1,1,2,1,4,5,0,3,2,1,1,3,1,1,2,1,7,1,5,0,1,0,1,3,0,3,3,6,3,3,3,2,4,4,2,3,2,2,5,2,2,1,1,1,2,0,0,0,1,0,0,0,0,1,0,0,0,0,0],"N":[7.4084,20.47267,30.88101,74.14067,77.81985,64.85147,95.68505,79.25547,38.46799,50.19174,62.39834,45.0175,61.69304,57.74888,54.68035,61.05205,50.83984,80.12855,65.32848,62.87544,72.02503,64.07554,67.072,48.17605,41.53746,61.27144,41.39126,34.46739,40.03258,32.61321,25.34067,32.04039,89.35267,97.81639,78.3673,79.29066,87.95258,92.32872,84.27368,62.14218,86.74707,66.88644,77.11045,52.76724,82.59206,58.98284,57.74047,36.29847,47.03143,40.78616,28.14217,20.29196,21.36707,15.02669,7.27875,8.92303,17.24012,2.11346,9.14513,0,4.69611,2.58265,0,0.47149,0,0,0,0.47149,0,0,0,2.58265],"P":[0,0,0,0,0,0,0.22559,0.21625,0.07857,0,0.72619,0.21625,2.54299,0.49047,0.07857,0.54957,0.54211,1.00952,2.42188,0,1.65295,1.39545,0.88586,0.76818,0.34976,0.76818,0.88586,0.76818,0.76818,3.41464,0.11659,3.27725,0,2.11346,0,5.20882,3.05644,0,5.16529,6.80957,6.74421,7.27875,6.34038,5.16759,5.16529,9.39221,9.39221,5.16529,6.34038,4.69611,2.58265,11.97486,4.69611,5.26527,3.1518,2.11346,2.58265,5.16529,0,0,0,3.1518,0,0,0,0,2.11346,0,0,0,0,0]}]}