{"name":"Demi","seq":[{"i":[0],"y":[0,9],"t":[1,1,1,1,1,1,1,1,1,1,0,0,0,0]},{"i":[1,2],"y":[0,13],"t":[1,1,1,1,1,1,1,1,1,1,1,1,1,1]}],"type":"AgeCat","x":[18,92],"bins":[18,20,24,30,40,60,72],"xt":[20,30,40,50,60,70,80,90],"yt":[0,1,2,3,4,5,6,7,8,9,10,11,12,13],"z":1.64485,"series":[{"s":"Demisexual","c":[0,0,0],"l":[38.01256,6.20603],"n":[109,188,274,385,446,462,549,757,645,739,812,811,932,740,801,775,609,721,451,244,501,468,532,366,350,330,280,338,254,281,252,237,245,217,180,183,203,200,130,155,164,123,108,121,95,81,89,84,76,61,41,49,38,28,24,20,9,12,6,6,9,1,1,1,3,1,1,0,0,0,0,0,0,1],"p":[9,6,17,34,39,42,37,68,46,46,57,56,57,45,62,39,28,44,25,12,26,31,35,17,28,18,24,23,16,14,16,18,15,12,14,18,17,10,10,15,11,12,10,6,3,3,6,6,4,8,2,4,2,1,2,1,0,1,0,0,0,0,1,0,0,0,0,0,0,0,0,0,0,0],"N":[94.91276,156.55959,247.53285,339.1577,407.6258,403.74739,477.01067,281.43092,275.25056,311.41801,339.72828,350.84196,376.01861,314.12667,346.47881,328.9653,277.897,536.49804,351.95979,192.89455,396.40232,361.49568,426.76087,279.87357,279.73539,262.44562,225.19481,257.75549,190.26356,228.23454,196.39538,186.52889,753.85782,681.06915,526.47705,526.15087,570.61675,592.37168,380.85056,444.32095,491.66429,357.31026,264.38698,332.9859,272.55525,261.8773,239.75651,226.97464,210.40926,148.46211,109.93811,147.23598,104.41862,78.77455,64.16113,70.62422,26.27086,51.12329,21.69914,16.50539,26.95953,3.69347,2.60107,3.53958,8.46342,0.99125,3.53958,0,0,0,0,0,0,2.60107],"P":[7.9646,5.26122,13.91676,30.23224,35.66511,34.68376,33.38899,23.87859,15.63626,18.20604,20.71149,24.41839,19.38391,16.76558,22.81914,16.48219,10.81508,32.06298,17.37774,7.10054,19.45399,20.53237,21.48157,13.51186,20.89939,17.10091,14.77454,19.52798,10.37487,9.04652,8.81708,12.52403,35.24539,32.52149,33.1562,51.29374,63.3224,26.42474,22.33789,31.91487,25.26214,31.20951,19.23755,42.89108,8.46342,10.15812,17.52914,14.42174,9.53992,16.62105,5.20214,9.10774,5.20214,2.16889,3.63516,2.60107,0,2.16889,0,0,0,0,2.16889,0,0,0,0,0,0,0,0,0,0,0]},{"s":"Demisexual women","c":[1,0.54902,0],"l":[39.72487,8.50035],"n":[50,93,139,230,223,252,293,403,363,399,389,400,442,380,401,401,296,353,236,122,273,246,254,207,181,179,171,196,138,164,142,130,146,111,109,107,119,121,69,99,105,81,71,84,61,44,51,53,43,37,26,27,27,17,16,13,7,7,0,5,4,0,1,0,2,0,0,0,0,0,0,0,0,1],"p":[5,1,11,16,24,25,24,54,32,25,42,36,37,22,37,26,18,26,15,9,14,20,26,8,20,12,15,20,14,9,14,14,13,7,13,13,11,7,8,10,9,9,6,5,2,2,5,6,4,7,2,4,2,1,2,1,0,1,0,0,0,0,1,0,0,0,0,0,0,0,0,0,0,0],"N":[37.04513,69.74772,109.45369,184.28651,176.07357,192.71442,227.78829,138.73894,140.71965,160.62495,151.87025,164.84239,171.50183,149.16304,163.3554,154.90278,121.27846,237.56775,163.56464,88.43274,184.03729,174.75221,186.94638,147.83894,136.09046,129.8143,131.16441,133.54215,93.29501,126.92979,99.40797,94.38339,346.02147,264.79688,304.40565,294.27755,295.486,319.14896,167.33884,266.24673,282.25102,194.71722,157.85349,208.47818,157.66613,110.8773,111.69308,122.71169,96.74807,81.49231,59.40039,60.29192,67.13019,42.60931,41.18491,36.49529,19.1917,24.22741,0,12.81192,9.10774,0,2.60107,0,4.76996,0,0,0,0,0,0,0,0,2.60107],"P":[4.42641,0.63262,8.21185,10.92354,18.65649,16.89784,18.4884,18.9087,10.51213,9.7449,15.63313,13.69526,13.03625,8.58449,12.81171,11.80488,7.07689,18.13797,9.61183,5.23241,12.62312,14.18191,15.26967,6.43487,14.62426,10.0572,10.04938,15.99954,9.96963,6.69718,8.41184,9.34865,28.01234,22.73429,32.2494,34.68888,23.14717,19.1917,15.10484,22.86821,18.02909,20.43688,10.34477,39.3515,4.76996,6.61853,13.98956,14.42174,9.53992,15.34397,5.20214,9.10774,5.20214,2.16889,3.63516,2.60107,0,2.16889,0,0,0,0,2.16889,0,0,0,0,0,0,0,0,0,0,0]},{"s":"Demisexual men","c":[0.11765,0.56471,1],"l":[34.35176,2.46947],"n":[55,91,132,146,212,204,241,336,271,331,410,394,469,349,385,367,304,354,209,122,224,217,271,157,164,149,104,138,116,114,109,106,98,102,71,74,83,78,61,55,57,41,37,36,34,37,38,31,33,22,14,22,11,11,8,7,2,5,6,1,5,1,0,1,1,1,1,0,0,0,0,0,0,0],"p":[4,4,5,15,12,13,9,12,10,16,13,18,16,21,22,12,10,16,9,2,11,9,9,9,7,6,8,3,2,5,2,4,2,5,1,3,6,3,2,5,2,3,3,1,1,1,1,0,0,1,0,0,0,0,0,0,0,0,0,0,0,0,0,0,0,0,0,0,0,0,0,0,0,0],"N":[54.56983,84.07662,136.59699,147.98227,220.37784,205.91203,239.06218,138.73361,131.81002,148.64281,184.84044,180.76515,200.27251,160.13891,176.33022,171.41769,153.55998,289.2788,184.51145,104.46181,212.14375,184.06337,236.98521,130.96083,140.73091,132.4287,90.57133,122.23044,96.96855,99.58664,96.3181,91.92423,405.23529,386.78523,222.0714,227.27304,272.52968,273.22272,213.51171,175.90533,206.21029,162.59304,106.53349,123.23064,114.88912,150.99999,128.06342,104.26295,113.66119,62.36953,48.36883,86.94407,37.28843,36.16524,22.97622,34.12893,7.07916,26.89588,21.69914,3.69347,17.85179,3.69347,0,3.53958,3.69347,0.99125,3.53958,0,0,0,0,0,0,0],"P":[3.53819,3.53819,5.43318,16.87364,14.63395,15.54337,10.47704,4.88065,3.51847,6.85391,3.8555,9.75423,5.31599,7.69971,8.89446,4.67731,3.73819,12.38162,7.56977,1.86813,6.83087,4.74416,6.21189,7.077,5.3597,7.04371,3.87263,3.52844,0.40524,2.34934,0.40524,3.17538,7.23305,9.7872,0.9068,12.26707,40.17522,7.23305,7.23305,9.04666,7.23305,10.77263,7.98597,3.53958,3.69347,3.53958,3.53958,0,0,1.27708,0,0,0,0,0,0,0,0,0,0,0,0,0,0,0,0,0,0,0,0,0,0,0,0]}]}