{"name":"Bi","seq":[{"i":[0],"y":[0,20],"t":[1,1,1,1,1,0,0,0,0,0,0,0,0,0,0]},{"i":[1,2],"y":[0,38],"t":[1,1,1,1,1,1,1,1,0,0,0,0,0,0,0]},{"i":[1,2,3],"y":[0,100],"t":[1,0,1,0,1,0,1,0,1,1,1,1,1,1,1]}],"type":"AgeCat","x":[18,92],"bins":[18,20,24,30,40,60,72],"xt":[20,30,40,50,60,70,80,90],"yt":[0,5,10,15,20,25,30,35,40,50,60,70,80,90,100],"z":1.64485,"series":[{"s":"Bisexual","c":[0,0,0],"l":[34.94221,12.24072],"n":[98,161,241,362,410,421,472,691,582,657,727,739,852,685,763,723,568,678,411,226,466,451,509,333,341,319,266,320,253,272,230,231,235,208,177,186,199,198,133,163,162,127,109,124,95,80,88,86,79,64,42,52,36,29,25,21,9,12,6,6,9,1,2,1,3,0,1,0,0,0,0,0,0,1],"p":[20,33,50,57,75,83,114,134,109,128,142,128,137,100,100,91,69,87,65,30,61,48,58,50,37,29,38,41,17,23,38,24,25,21,17,15,21,12,7,7,13,8,9,3,3,4,7,4,1,5,1,1,4,0,1,0,0,1,0,0,0,0,0,0,0,1,0,0,0,0,0,0,0,0],"N":[84.20928,133.17136,216.65307,319.01964,376.22674,372.36974,419.67572,267.82348,252.5269,283.05876,309.76551,325.4962,341.04256,292.75374,335.95796,312.37583,262.1892,508.12783,325.56859,179.86711,376.65387,348.55591,408.69968,263.61312,272.48738,261.18092,216.10327,257.95382,192.84821,220.98081,185.52745,184.97831,739.21653,674.81065,490.49166,546.56874,597.57063,597.67822,388.26363,464.56196,491.65639,367.76006,269.41618,367.52074,276.57229,268.23931,234.50599,231.62056,216.25571,157.10635,111.44678,155.06665,97.33946,80.94344,66.76219,73.22528,26.27086,51.12329,21.69914,16.50539,26.95953,3.69347,4.76996,3.53958,8.46342,0,3.53958,0,0,0,0,0,0,2.60107],"P":[18.66808,28.64945,44.79654,50.3703,67.06416,66.06142,90.72395,37.48603,38.35992,46.56529,50.67426,49.76416,54.35996,38.13851,33.33999,33.07165,26.52288,60.43319,43.76894,20.12799,39.20244,33.47214,39.54275,29.77231,28.1474,18.36561,23.86608,19.32965,7.79022,16.30025,19.68501,14.07462,49.88668,38.77999,69.14159,30.87587,36.36852,21.1182,14.92482,11.67387,25.27004,20.75971,14.20834,8.35624,4.44639,3.79611,22.77966,9.77581,3.69347,7.9768,3.69347,1.27708,12.2813,0,1.03409,0,0,2.16889,0,0,0,0,0,0,0,0.99125,0,0,0,0,0,0,0,0]},{"s":"Bisexual women","c":[1,0.54902,0],"l":[35.35553,20.83333],"n":[38,68,111,203,195,211,234,370,310,337,333,346,390,335,371,363,262,321,205,113,241,232,244,192,178,171,156,185,140,157,132,130,142,107,113,111,119,120,72,104,108,87,72,89,62,45,53,56,47,42,28,31,27,18,17,14,7,7,0,5,4,0,2,0,2,0,0,0,0,0,0,0,0,1],"p":[17,26,39,43,52,66,83,87,85,87,98,90,89,67,67,64,52,58,46,18,46,34,36,23,23,20,30,31,12,16,24,14,17,11,9,9,11,8,5,5,6,3,5,0,1,1,3,3,0,2,0,0,2,0,1,0,0,1,0,0,0,0,0,0,0,0,0,0,0,0,0,0,0,0],"N":[26.27368,47.88799,84.57555,159.04263,152.11344,157.10136,182.16009,133.35644,121.25974,136.32067,129.93408,142.62747,148.77208,131.88238,151.81622,143.00899,108.38089,216.93403,141.24631,82.55826,169.32667,163.33789,179.68831,140.41633,131.71355,127.07412,121.53245,133.024,98.10755,120.47832,95.56562,94.55871,341.50692,265.78963,285.66928,303.90167,296.06172,325.20842,171.96526,281.88746,289.89248,207.3509,157.98741,247.82967,162.43609,116.50459,121.05623,130.89719,106.28799,93.67614,64.60252,69.39966,67.13019,44.7782,43.78598,39.09636,19.1917,24.22741,0,12.81192,9.10774,0,4.76996,0,4.76996,0,0,0,0,0,0,0,0,2.60107],"P":[15.19787,22.49236,33.08999,36.16742,42.61662,52.5109,64.1166,24.2912,29.97203,34.04919,37.5693,35.91019,35.766,25.86515,24.35089,23.69867,19.97447,38.77169,31.93016,11.10689,27.33374,25.59623,22.52775,13.85747,19.00118,12.79737,19.68134,16.51769,5.1571,13.14866,12.25419,9.17332,32.52689,21.74154,50.98577,25.06477,22.57145,13.13223,10.47843,7.22748,10.38762,7.8032,10.21085,0,0,0.99125,4.62641,6.23623,0,3.16014,0,0,5.20214,0,1.03409,0,0,2.16889,0,0,0,0,0,0,0,0,0,0,0,0,0,0,0,0]},{"s":"Bisexual men","c":[0.11765,0.56471,1],"l":[35.56219,8.46354],"n":[57,90,126,148,206,204,228,309,263,311,384,383,444,341,379,353,301,346,203,113,222,216,260,139,158,146,106,131,113,113,98,100,93,99,64,71,79,77,61,58,54,39,36,34,33,35,35,30,32,20,13,21,9,11,8,7,2,5,6,1,5,1,0,1,1,0,1,0,0,0,0,0,0,0],"p":[2,5,11,13,18,13,22,39,18,36,39,29,41,29,28,26,13,24,15,11,13,10,20,27,13,9,6,10,5,6,13,10,7,8,8,6,10,4,2,2,5,5,4,3,2,3,4,1,1,3,1,1,2,0,0,0,0,0,0,0,0,0,0,0,0,1,0,0,0,0,0,0,0,0],"N":[55.48736,82.81985,130.32362,151.28566,215.70519,210.52257,230.16951,132.58454,128.6869,144.50638,176.40401,180.50747,189.03009,157.4011,177.81976,166.81126,151.60892,283.31028,182.33344,97.30885,207.3272,183.67463,227.30015,122.12298,137.85981,133.90418,91.80261,122.94692,94.74067,98.987,89.96183,90.19832,397.70961,380.52523,204.82238,233.72902,298.90784,272.4698,216.29837,180.5056,201.7639,160.40916,110.52197,118.41399,114.1362,151.73472,113.44976,100.72337,109.96772,58.82995,44.67536,85.66699,30.20927,36.16524,22.97622,34.12893,7.07916,26.89588,21.69914,3.69347,17.85179,3.69347,0,3.53958,3.69347,0,3.53958,0,0,0,0,0,0,0],"P":[2.62066,4.79496,11.70654,13.57025,19.3066,10.93283,19.3697,11.02971,6.64158,10.99034,12.29193,10.01191,16.55842,10.43752,7.40492,9.28374,5.68925,18.35014,9.74778,9.02109,11.64742,5.1329,15.89695,15.91484,8.23079,5.56823,2.64135,2.81196,2.63312,2.94898,6.76152,4.90129,14.75872,16.0472,18.15582,5.8111,13.79707,7.98597,4.44639,4.44639,11.67943,12.95651,3.99749,8.35624,4.44639,2.80486,18.15325,3.53958,3.69347,4.81666,3.69347,1.27708,7.07916,0,0,0,0,0,0,0,0,0,0,0,0,0.99125,0,0,0,0,0,0,0,0]},{"s":"Bisexual people who are women","c":[0,0.39216,0],"l":[36.12312,75.92509],"n":[3,7,11,14,23,17,31,47,24,41,44,38,48,33,33,27,17,29,19,12,15,14,22,27,14,9,8,10,5,7,14,10,8,10,8,6,10,4,2,2,7,5,4,3,2,3,4,1,1,3,1,1,2,0,0,0,0,0,0,0,0,0,0,0,0,1,0,0,0,0,0,0,0,0],"p":[17,26,39,43,52,66,83,87,85,87,98,90,89,67,67,64,52,58,46,18,46,34,36,23,23,20,30,31,12,16,24,14,17,11,9,9,11,8,5,5,6,3,5,0,1,1,3,3,0,2,0,0,2,0,1,0,0,1,0,0,0,0,0,0,0,0,0,0,0,0,0,0,0,0],"N":[3.47021,6.15709,11.70654,14.20288,24.44755,13.55052,26.60735,13.19483,8.38789,12.5161,13.10497,13.85397,18.59396,12.27336,8.98911,9.37298,6.54841,21.6615,11.83878,9.02109,11.86869,7.87591,17.015,15.91484,9.14622,5.56823,4.18474,2.81196,2.63312,3.1516,7.43082,4.90129,17.35979,17.03845,18.15582,5.8111,13.79707,7.98597,4.44639,4.44639,14.88242,12.95651,3.99749,8.35624,4.44639,2.80486,18.15325,3.53958,3.69347,4.81666,3.69347,1.27708,7.07916,0,0,0,0,0,0,0,0,0,0,0,0,0.99125,0,0,0,0,0,0,0,0],"P":[15.19787,22.49236,33.08999,36.16742,42.61662,52.5109,64.1166,24.2912,29.97203,34.04919,37.5693,35.91019,35.766,25.86515,24.35089,23.69867,19.97447,38.77169,31.93016,11.10689,27.33374,25.59623,22.52775,13.85747,19.00118,12.79737,19.68134,16.51769,5.1571,13.14866,12.25419,9.17332,32.52689,21.74154,50.98577,25.06477,22.57145,13.13223,10.47843,7.22748,10.38762,7.8032,10.21085,0,0,0.99125,4.62641,6.23623,0,3.16014,0,0,5.20214,0,1.03409,0,0,2.16889,0,0,0,0,0,0,0,0,0,0,0,0,0,0,0,0]}]}