{"name":"Contradictions","seq":[{"i":[1],"y":[0,4],"t":[1,1,1,1,1,0,0,0,0,0,0]},{"i":[0,1],"y":[0,10],"t":[1,1,1,1,1,1,1,1,1,1,1]}],"type":"AgeCat","x":[18,92],"bins":[18,20,26,38,50,60,72],"xt":[20,25,30,35,40,45,50,55,60,65,70,75],"yt":[0,1,2,3,4,5,6,7,8,9,10],"z":1.64485,"series":[{"s":"Identifying as 2 or more of heterosexual, homosexual, bisexual","c":[0.54118,0.16863,0.88627],"l":[43.53329,6.70878],"n":[109,177,271,387,450,472,539,755,652,736,811,807,925,741,805,773,604,711,443,240,504,481,545,361,361,332,281,335,257,284,253,244,246,215,185,190,206,203,138,167,169,129,115,126,96,79,91,86,78,67,43,53,38,29,25,21,9,13,6,6,9,1,2,1,3,0,1,0,0,0,0,0,0,1],"p":[9,17,20,32,35,32,47,70,39,49,58,60,64,44,58,41,33,54,33,16,23,18,22,22,17,16,23,26,13,11,15,11,14,14,9,11,14,7,2,3,6,6,3,1,2,5,4,4,2,2,0,0,2,0,1,0,0,0,0,0,0,0,0,0,0,1,0,0,0,0,0,0,0,0],"N":[95.17177,147.04107,245.43167,343.96098,411.18649,412.60925,471.60576,286.46702,277.24971,310.98791,342.45715,353.51011,374.53558,316.65548,352.80687,331.54639,278.67605,539.38975,347.24958,191.61266,403.84298,370.56052,434.46458,278.37482,284.95104,270.46177,226.75931,263.06027,192.94391,228.0759,195.72556,193.89208,760.88194,686.6859,509.44894,552.73837,611.31977,606.97901,402.28164,473.43096,502.98252,374.05459,280.4494,374.5999,276.57229,264.54584,237.43814,231.62056,212.71613,163.80608,115.14024,156.34372,103.48011,80.94344,66.76219,73.22528,26.27086,53.29218,21.69914,16.50539,26.95953,3.69347,4.76996,3.53958,8.46342,0,3.53958,0,0,0,0,0,0,2.60107],"P":[7.70559,14.77975,16.01794,25.42896,32.10442,25.82191,38.79391,18.84249,13.63711,18.63613,17.98262,21.75024,20.86694,14.23677,16.49108,13.9011,10.03603,29.17127,22.08795,8.38243,12.01333,11.46753,13.77785,15.01062,15.68373,9.08476,13.21004,14.2232,7.69452,9.20517,9.4869,5.16084,28.22127,26.90474,50.18432,24.70623,22.61938,11.81741,0.9068,2.80486,13.94391,14.46518,3.17513,1.27708,4.44639,7.48957,19.84751,9.77581,7.23305,1.27708,0,0,6.14065,0,1.03409,0,0,0,0,0,0,0,0,0,0,0.99125,0,0,0,0,0,0,0,0]},{"s":"Both or neither female, male","c":[0.8549,0.64706,0.12549],"l":[41.17148,1.77083],"n":[114,189,287,407,471,494,567,805,676,771,854,848,964,772,845,806,628,749,469,255,522,492,560,381,372,346,298,357,270,292,267,254,259,225,194,197,219,209,140,169,173,134,117,126,98,84,95,90,80,67,42,53,40,29,26,21,9,13,6,6,9,1,2,1,3,1,1,0,0,0,0,0,0,1],"p":[4,5,4,12,14,10,19,20,15,14,15,19,25,13,18,8,9,16,7,1,5,7,7,2,6,2,6,4,0,3,1,1,1,4,0,4,1,1,0,1,2,1,1,1,0,0,0,0,0,2,1,0,0,0,0,0,0,0,0,0,0,0,0,0,0,0,0,0,0,0,0,0,0,0],"N":[99.57956,157.99516,259.69571,360.06596,429.74186,431.06766,495.81591,301.2619,286.56026,325.86657,356.19932,369.05704,390.12659,325.58615,361.39179,342.80266,285.65352,557.36614,365.25768,199.9951,415.63503,377.74165,445.41316,292.31163,296.80532,279.34391,235.65775,275.30057,200.63843,235.56295,204.54315,198.83165,786.50215,684.1036,559.63326,568.50655,631.33808,618.79642,403.18845,474.06693,513.72344,388.51977,282.71772,374.5999,281.01868,272.03541,257.28565,241.39638,219.94918,160.48288,112.97135,156.34372,109.62076,80.94344,67.79629,73.22528,26.27086,53.29218,21.69914,16.50539,26.95953,3.69347,4.76996,3.53958,8.46342,0.99125,3.53958,0,0,0,0,0,0,2.60107],"P":[3.2978,3.82566,1.7539,9.32398,13.54905,7.3635,14.58376,4.04761,4.32656,3.75747,4.24045,6.20332,5.27593,5.3061,7.90617,2.64483,3.05856,11.19488,4.07985,0,0.22128,4.2864,2.82927,1.0738,3.82945,0.20262,4.3116,1.9829,0,1.71811,0.6693,0.22128,2.60107,29.48704,0,8.93805,2.60107,0,0,2.16889,3.20299,0,0.9068,1.27708,0,0,0,0,0,4.60027,2.16889,0,0,0,0,0,0,0,0,0,0,0,0,0,0,0,0,0,0,0,0,0,0,0]}]}