{"name":"ExclSSA","seq":[{"i":[0],"y":[0,8],"t":[1,1,1,1,1,1,1,1,1]},{"i":[0,1],"y":[0,8],"t":[1,1,1,1,1,1,1,1,1]}],"type":"AgeCat","x":[18,92],"bins":[18,20,23,26,36,48,60,72],"xt":[20,30,40,50,60,70,80,90],"yt":[0,1,2,3,4,5,6,7,8],"z":1.64485,"series":[{"s":"Exclusively same-sex attracted women","c":[1,0.27059,0],"l":[45.51131,1.53255],"n":[51,88,140,232,231,262,301,442,373,399,410,422,462,390,423,412,303,365,245,129,279,261,278,210,194,184,182,210,148,168,154,140,153,113,118,120,127,126,73,106,111,86,76,85,61,46,55,57,46,44,28,31,29,18,17,14,7,8,0,5,4,0,2,0,2,0,0,0,0,0,0,0,0,1],"p":[4,6,10,14,16,15,16,15,22,25,21,14,17,12,15,15,11,14,6,2,8,5,2,5,7,7,4,6,4,5,2,4,6,5,4,0,3,2,4,3,3,4,1,4,2,0,1,2,1,0,0,0,0,0,1,0,0,0,0,0,0,0,0,0,0,0,0,0,0,0,0,0,0,0],"N":[39.20506,66.73827,110.27827,184.69158,184.36178,196.93312,235.30892,151.09798,143.16251,160.07151,158.47764,173.67401,177.04729,152.47713,169.58438,161.13976,123.53966,245.62792,167.24999,90.66854,190.54706,184.85216,200.83433,150.01117,145.72674,134.82889,138.75826,145.40623,100.64744,129.68766,106.27642,100.48359,359.72393,279.43973,327.11514,328.96643,312.1265,333.13852,172.47159,279.89534,294.08672,206.74898,166.02937,236.009,157.23396,117.49584,123.08158,131.93129,103.68692,96.83628,64.60252,69.39966,72.33232,44.7782,42.219,39.09636,19.1917,26.3963,0,12.81192,9.10774,0,4.76996,0,4.76996,0,0,0,0,0,0,0,0,2.60107],"P":[2.26648,3.64208,7.38727,10.51847,10.36828,12.67913,10.96777,6.54966,8.06926,10.29835,9.02574,4.86365,7.49079,5.27039,6.58272,5.5679,4.81569,10.0778,5.92648,2.99661,6.11336,4.08196,1.38173,4.26263,4.98799,5.0426,2.45554,4.13546,2.6172,3.93931,1.54339,3.24845,14.30988,8.09144,9.53992,0,6.50667,5.20214,9.97209,9.2196,6.19338,8.40512,2.16889,11.82067,5.20214,0,2.60107,5.20214,2.60107,0,0,0,0,0,2.60107,0,0,0,0,0,0,0,0,0,0,0,0,0,0,0,0,0,0,0]},{"s":"Exclusively same-sex attracted men","c":[0.11765,0.56471,1],"l":[51.65201,6.04427],"n":[57,92,127,154,216,204,239,337,268,335,413,391,468,355,393,368,304,355,212,124,227,220,269,160,165,153,108,137,113,113,107,106,96,99,70,71,85,76,60,57,58,41,37,35,34,36,39,30,32,23,13,22,11,11,8,7,2,5,6,1,5,1,0,1,1,1,1,0,0,0,0,0,0,0],"p":[2,3,10,7,8,13,11,11,13,12,10,21,17,15,14,11,10,15,6,0,8,6,11,6,6,2,4,4,5,6,4,4,4,8,2,6,4,5,3,3,1,3,3,2,1,2,0,1,1,0,1,0,0,0,0,0,0,0,0,0,0,0,0,0,0,0,0,0,0,0,0,0,0,0],"N":[55.74183,86.03709,130.11232,157.21489,226.72536,206.2497,239.62103,138.31459,127.77058,150.11081,183.25322,180.1984,196.37092,162.0152,180.71606,171.50805,151.62666,288.41124,187.54796,106.32994,210.52932,184.74056,234.06284,132.97866,140.37154,137.64155,90.669,122.09715,92.79663,96.57628,93.58003,92.06953,398.15612,375.41258,215.89904,218.14874,301.17936,265.02036,209.81825,176.81214,209.90375,166.28651,107.4403,119.53718,115.043,149.93931,131.603,100.56949,110.12161,63.64661,44.82925,86.94407,37.28843,36.16524,22.97622,34.12893,7.07916,26.89588,21.69914,3.69347,17.85179,3.69347,0,3.53958,3.69347,0.99125,3.53958,0,0,0,0,0,0,0],"P":[2.36619,1.57772,11.91785,7.64102,8.28644,15.2057,9.91819,5.29967,7.55791,5.38591,5.44272,10.32098,9.21759,5.82342,4.50862,4.58694,5.67151,13.24918,4.53326,0,8.4453,4.06697,9.13427,5.05916,5.71906,1.83086,3.77496,3.66173,4.57716,5.3597,3.14332,3.03008,14.31221,21.15985,7.07916,21.39138,11.52555,15.4354,10.92651,8.13985,3.53958,7.07916,7.07916,7.23305,3.53958,4.60027,0,3.69347,3.53958,0,3.53958,0,0,0,0,0,0,0,0,0,0,0,0,0,0,0,0,0,0,0,0,0,0,0]}]}