{"name":"FHandSSex","seq":[{"i":[0],"y":[0,12],"t":[1,1,1,1,1,1,1]},{"i":[1,2],"y":[0,12],"t":[1,1,1,1,1,1,1]}],"type":"AgeCat","x":[18,92],"bins":[18,24,30,45,85],"xt":[20,30,40,50,60,70,80,90],"yt":[0,2,4,6,8,10,12],"z":1.64485,"series":[{"s":"Women who are strictly same sex attracted","c":[0,0,0],"l":[50.48995,3.92188],"n":[51,88,140,232,231,262,301,442,373,399,410,422,462,390,423,412,303,365,245,129,279,261,278,210,194,184,182,210,148,168,154,140,153,113,118,120,127,126,73,106,111,86,76,85,61,46,55,57,46,44,28,31,29,18,17,14,7,8,0,5,4,0,2,0,2,0,0,0,0,0,0,0,0,1],"p":[4,6,10,14,16,15,16,15,22,25,21,14,17,12,15,15,11,14,6,2,8,5,2,5,7,7,4,6,4,5,2,4,6,5,4,0,3,2,4,3,3,4,1,4,2,0,1,2,1,0,0,0,0,0,1,0,0,0,0,0,0,0,0,0,0,0,0,0,0,0,0,0,0,0],"N":[39.20506,66.73827,110.27827,184.69158,184.36178,196.93312,235.30892,151.09798,143.16251,160.07151,158.47764,173.67401,177.04729,152.47713,169.58438,161.13976,123.53966,245.62792,167.24999,90.66854,190.54706,184.85216,200.83433,150.01117,145.72674,134.82889,138.75826,145.40623,100.64744,129.68766,106.27642,100.48359,359.72393,279.43973,327.11514,328.96643,312.1265,333.13852,172.47159,279.89534,294.08672,206.74898,166.02937,236.009,157.23396,117.49584,123.08158,131.93129,103.68692,96.83628,64.60252,69.39966,72.33232,44.7782,42.219,39.09636,19.1917,26.3963,0,12.81192,9.10774,0,4.76996,0,4.76996,0,0,0,0,0,0,0,0,2.60107],"P":[2.26648,3.64208,7.38727,10.51847,10.36828,12.67913,10.96777,6.54966,8.06926,10.29835,9.02574,4.86365,7.49079,5.27039,6.58272,5.5679,4.81569,10.0778,5.92648,2.99661,6.11336,4.08196,1.38173,4.26263,4.98799,5.0426,2.45554,4.13546,2.6172,3.93931,1.54339,3.24845,14.30988,8.09144,9.53992,0,6.50667,5.20214,9.97209,9.2196,6.19338,8.40512,2.16889,11.82067,5.20214,0,2.60107,5.20214,2.60107,0,0,0,0,0,2.60107,0,0,0,0,0,0,0,0,0,0,0,0,0,0,0,0,0,0,0]},{"s":"Strictly left-handed women who are strictly same sex attracted","c":[1,0.27059,0],"l":[43.74623,6.76562],"n":[4,10,7,21,30,38,33,51,42,44,49,37,55,35,43,39,21,34,32,11,31,23,29,20,15,16,22,15,13,23,14,17,27,15,13,10,11,13,6,8,11,6,12,11,1,3,3,9,4,5,4,5,1,1,1,0,2,1,0,0,2,0,0,0,0,0,0,0,0,0,0,0,0,0],"p":[0,0,2,5,0,1,3,1,0,2,4,1,1,1,2,0,0,1,1,0,0,1,0,0,3,0,1,0,1,0,1,1,1,0,0,0,0,2,0,0,0,0,0,1,0,0,0,0,0,0,0,0,0,0,0,0,0,0,0,0,0,0,0,0,0,0,0,0,0,0,0,0,0,0],"N":[3.63907,7.10769,5.75387,15.92263,23.20261,26.33087,26.98983,18.00916,14.47427,18.10983,17.40175,14.50209,20.42831,14.26727,17.05103,15.66653,9.48749,22.09541,21.23141,7.10753,21.62043,16.34328,20.63759,17.35945,13.80791,11.11254,17.18486,8.84109,4.72199,18.78714,9.33838,14.01031,59.38472,41.69824,37.27809,28.26073,23.41762,36.06311,12.70006,26.82848,23.70625,13.80317,22.67215,31.76818,2.60107,9.65178,6.19338,23.54064,8.79445,12.42259,7.37103,11.27663,2.16889,2.16889,2.60107,0,4.76996,2.60107,0,0,4.76996,0,0,0,0,0,0,0,0,0,0,0,0,0],"P":[0,0,1.12128,4.07233,0,0.84955,2.24015,0.96905,0,0.20232,1.51115,0.46343,0.46343,0.46343,0.93464,0,0,0.69087,0.85253,0,0,0.69087,0,0,1.73954,0,0.69087,0,0.85253,0,0.85253,0.85253,2.60107,0,0,0,0,5.20214,0,0,0,0,0,2.60107,0,0,0,0,0,0,0,0,0,0,0,0,0,0,0,0,0,0,0,0,0,0,0,0,0,0,0,0,0,0]},{"s":"Strictly right-handed women who are strictly same sex attracted","c":[0.12549,0.69804,0.66667],"l":[43.55276,1.78125],"n":[44,75,132,208,195,222,262,376,318,349,348,372,400,348,375,368,278,319,210,116,246,229,243,186,174,167,156,186,133,141,134,119,124,95,101,108,114,110,64,96,98,78,63,74,59,43,50,46,42,38,24,25,28,17,15,13,5,7,0,5,2,0,2,0,2,0,0,0,0,0,0,0,0,1],"p":[4,6,8,9,16,14,12,13,22,23,17,12,16,11,13,15,11,13,5,2,7,4,2,5,3,7,3,6,3,5,1,3,5,4,4,0,3,0,4,3,3,4,1,3,2,0,1,2,1,0,0,0,0,0,1,0,0,0,0,0,0,0,0,0,0,0,0,0,0,0,0,0,0,0],"N":[32.9934,56.6002,103.43399,166.19637,156.45755,169.7527,203.55874,129.14906,123.62111,140.39737,136.55571,155.23512,155.41662,136.03297,151.33877,143.97813,112.54102,219.1657,144.96991,82.51234,168.03961,165.76982,176.20281,130.20118,130.45274,121.53748,119.14933,131.27114,94.87678,106.19886,94.66394,84.71495,295.56926,231.54811,282.37081,290.18626,282.00615,292.30545,155.43375,252.07561,268.35513,189.31065,140.75615,204.24083,153.59879,107.84406,113.25303,106.3653,94.89247,81.81262,57.2315,57.08893,70.16343,42.60931,37.44904,36.92747,14.42174,23.79523,0,12.81192,4.33778,0,4.76996,0,4.76996,0,0,0,0,0,0,0,0,2.60107],"P":[2.26648,3.64208,6.26599,6.44614,10.36828,11.82958,8.72762,5.58061,8.06926,10.09603,7.51459,4.31098,7.02736,4.80697,5.64808,5.5679,4.81569,9.38694,5.07395,2.99661,5.91721,3.39109,1.38173,4.26263,2.39592,5.0426,1.76467,4.13546,1.76467,3.93931,0.69087,2.39592,11.70881,7.10019,9.53992,0,6.50667,0,9.97209,9.2196,6.19338,8.40512,2.16889,9.2196,5.20214,0,2.60107,5.20214,2.60107,0,0,0,0,0,2.60107,0,0,0,0,0,0,0,0,0,0,0,0,0,0,0,0,0,0,0]}]}