{"name":"FlipAAB","seq":[{"i":[0],"y":[0,3],"t":[1,1,1,1,0,0,0,0,0,0,0,0,0,0,0]},{"i":[1,2],"y":[0,4],"t":[1,1,1,1,1,0,0,0,0,0,0,0,0,0,0]},{"i":[3,4],"y":[0,100],"t":[1,0,0,0,0,1,1,1,1,1,1,1,1,1,1]}],"type":"AgeCat","x":[18,92],"bins":[18,21,36,52,84],"xt":[20,30,40,50,60,70,80,90],"yt":[0,1,2,3,4,10,20,30,40,50,60,70,80,90,100],"z":1.64485,"series":[{"s":"Male, female flipped from birth assignment","c":[0,0,0],"l":[53.01131,0.80535],"n":[117,192,281,409,477,495,581,821,681,777,864,863,981,780,854,808,635,763,474,256,524,499,564,379,377,346,304,359,270,293,267,252,259,228,194,201,219,210,139,170,175,135,118,127,98,83,95,90,80,69,43,53,40,29,26,21,9,13,6,6,9,1,2,1,3,0,1,0,0,0,0,0,0,1],"p":[1,2,10,10,8,9,5,4,10,8,5,4,8,5,9,6,2,2,2,0,3,0,3,4,1,2,0,2,0,2,1,3,1,1,0,0,1,0,1,0,0,0,0,0,0,1,0,0,0,0,0,0,0,0,0,0,0,0,0,0,0,0,0,0,0,1,0,0,0,0,0,0,0,0],"N":[101.78741,161.2489,251.8205,360.2698,437.7582,431.64804,504.74909,303.52349,287.2099,325.89245,358.85075,373.45996,391.65769,330.31803,364.22371,342.75119,288.20327,566.79306,367.45634,199.9951,413.17292,382.02805,446.50289,290.98951,299.78225,277.77857,239.96935,276.38998,200.63843,235.4502,204.92867,197.97912,783.9153,712.68384,559.63326,577.4446,630.39957,618.79642,399.64887,476.23582,516.92643,388.51977,283.62453,375.87698,281.01868,271.04417,257.28565,241.39638,219.94918,165.08315,115.14024,156.34372,109.62076,80.94344,67.79629,73.22528,26.27086,53.29218,21.69914,16.50539,26.95953,3.69347,4.76996,3.53958,8.46342,0,3.53958,0,0,0,0,0,0,2.60107],"P":[1.08995,0.57191,9.62911,9.12014,5.5327,6.78311,5.65057,1.78602,3.67692,3.7316,1.58902,1.8004,3.74484,0.57422,5.07425,2.69629,0.50881,1.76796,1.88119,0,2.68339,0,1.73954,2.39592,0.85253,1.76796,0,0.89349,0,1.83086,0.28379,1.0738,5.18791,0.9068,0,0,3.53958,0,3.53958,0,0,0,0,0,0,0.99125,0,0,0,0,0,0,0,0,0,0,0,0,0,0,0,0,0,0,0,0.99125,0,0,0,0,0,0,0,0]},{"s":"Male if assigned female at birth","c":[0.11765,0.56471,1],"l":[34.36683,3.34689],"n":[55,98,151,251,252,278,319,459,392,426,434,438,477,405,438,425,313,378,253,129,280,265,279,212,199,186,188,216,150,172,153,143,158,118,120,122,128,125,73,108,116,88,75,86,63,46,56,59,47,44,29,31,29,18,18,14,7,8,0,5,4,0,2,0,2,0,0,0,0,0,0,0,0,1],"p":[0,2,7,6,7,8,2,4,3,6,4,2,2,4,6,3,2,1,1,0,1,0,3,3,1,1,0,1,0,0,0,3,0,0,0,0,0,0,0,0,0,0,0,0,0,1,0,0,0,0,0,0,0,0,0,0,0,0,0,0,0,0,0,0,0,1,0,0,0,0,0,0,0,0],"N":[41.23115,72.6753,115.76114,197.55358,199.00222,213.96038,250.82214,160.00852,151.5061,171.71803,170.91402,181.14157,184.4811,161.41659,176.20052,166.82613,130.14915,259.42047,175.94386,93.66515,195.05083,191.38965,202.4122,155.34761,151.79788,138.95606,144.49673,150.40654,103.26464,132.6423,107.53602,103.95331,371.44697,287.61561,336.65505,333.30422,317.69466,338.34066,178.90411,291.28383,303.48309,215.1541,168.19826,247.82967,162.43609,117.49584,125.68264,137.13342,106.28799,96.83628,66.77141,69.39966,72.33232,44.7782,44.82007,39.09636,19.1917,26.3963,0,12.81192,9.10774,0,4.76996,0,4.76996,0,0,0,0,0,0,0,0,2.60107],"P":[0,0.57191,5.9708,4.76035,4.44275,5.69317,1.93996,1.78602,1.39807,2.72066,1.50336,0.93464,0.08924,0.57422,2.09544,1.39029,0.50881,0.85253,0.85253,0,0.85253,0,1.73954,2.39592,0.85253,0.85253,0,0.69087,0,0,0,1.0738,0,0,0,0,0,0,0,0,0,0,0,0,0,0.99125,0,0,0,0,0,0,0,0,0,0,0,0,0,0,0,0,0,0,0,0.99125,0,0,0,0,0,0,0,0]},{"s":"Female if assigned male at birth","c":[1,0.54902,0],"l":[51.9755,0.92651],"n":[62,94,129,154,224,209,252,344,281,340,417,410,484,361,404,376,313,372,215,124,231,226,277,157,169,154,113,139,117,118,111,106,99,107,72,78,87,80,63,58,57,43,40,38,35,35,38,30,33,24,14,20,11,11,8,7,2,5,6,1,5,1,0,1,1,0,1,0,0,0,0,0,0,0],"p":[1,0,3,4,1,1,3,0,7,2,1,2,6,1,3,3,0,1,1,0,2,0,0,1,0,1,0,1,0,2,1,0,1,1,0,0,1,0,1,0,0,0,0,0,0,0,0,0,0,0,0,0,0,0,0,0,0,0,0,0,0,0,0,0,0,0,0,0,0,0,0,0,0,0],"N":[60.55626,88.57361,136.05936,162.71622,238.75599,217.68766,253.92695,143.51497,135.7038,154.17441,187.93673,192.31839,207.17659,168.90145,188.02319,175.92506,158.05412,307.37259,191.51248,106.32994,218.12209,190.6384,244.09069,135.6419,147.98437,138.82251,95.47262,125.98345,97.37379,102.8079,97.39265,94.02581,412.46834,425.06822,222.9782,244.14039,312.70491,280.45577,220.74476,184.95199,213.44334,173.36567,115.42627,128.0473,118.58258,153.54833,131.603,104.26295,113.66119,68.24688,48.36883,86.94407,37.28843,36.16524,22.97622,34.12893,7.07916,26.89588,21.69914,3.69347,17.85179,3.69347,0,3.53958,3.69347,0,3.53958,0,0,0,0,0,0,0],"P":[1.08995,0,3.6583,4.35979,1.08995,1.08995,3.71061,0,2.27885,1.01094,0.08566,0.86576,3.65559,0,2.97881,1.30601,0,0.91543,1.02866,0,1.83086,0,0,0,0,0.91543,0,0.20262,0,1.83086,0.28379,0,5.18791,0.9068,0,0,3.53958,0,3.53958,0,0,0,0,0,0,0,0,0,0,0,0,0,0,0,0,0,0,0,0,0,0,0,0,0,0,0,0,0,0,0,0,0,0,0]},{"s":"Fraction of those flipped assigned female at birth","c":[0.11765,0.56471,1],"l":[47.52764,13.93229],"n":[1,0,3,4,1,1,3,0,7,2,1,2,6,1,3,3,0,1,1,0,2,0,0,1,0,1,0,1,0,2,1,0,1,1,0,0,1,0,1,0,0,0,0,0,0,0,0,0,0,0,0,0,0,0,0,0,0,0,0,0,0,0,0,0,0,0,0,0,0,0,0,0,0,0],"p":[0,2,7,6,7,8,2,4,3,6,4,2,2,4,6,3,2,1,1,0,1,0,3,3,1,1,0,1,0,0,0,3,0,0,0,0,0,0,0,0,0,0,0,0,0,1,0,0,0,0,0,0,0,0,0,0,0,0,0,0,0,0,0,0,0,1,0,0,0,0,0,0,0,0],"N":[1.08995,0,3.6583,4.35979,1.08995,1.08995,3.71061,0,2.27885,1.01094,0.08566,0.86576,3.65559,0,2.97881,1.30601,0,0.91543,1.02866,0,1.83086,0,0,0,0,0.91543,0,0.20262,0,1.83086,0.28379,0,5.18791,0.9068,0,0,3.53958,0,3.53958,0,0,0,0,0,0,0,0,0,0,0,0,0,0,0,0,0,0,0,0,0,0,0,0,0,0,0,0,0,0,0,0,0,0,0],"P":[0,0.57191,5.9708,4.76035,4.44275,5.69317,1.93996,1.78602,1.39807,2.72066,1.50336,0.93464,0.08924,0.57422,2.09544,1.39029,0.50881,0.85253,0.85253,0,0.85253,0,1.73954,2.39592,0.85253,0.85253,0,0.69087,0,0,0,1.0738,0,0,0,0,0,0,0,0,0,0,0,0,0,0.99125,0,0,0,0,0,0,0,0,0,0,0,0,0,0,0,0,0,0,0,0.99125,0,0,0,0,0,0,0,0]},{"s":"Fraction of those flipped assigned male at birth","c":[1,0.54902,0],"l":[47.22299,83.98438],"n":[0,2,7,6,7,8,2,4,3,6,4,2,2,4,6,3,2,1,1,0,1,0,3,3,1,1,0,1,0,0,0,3,0,0,0,0,0,0,0,0,0,0,0,0,0,1,0,0,0,0,0,0,0,0,0,0,0,0,0,0,0,0,0,0,0,1,0,0,0,0,0,0,0,0],"p":[1,0,3,4,1,1,3,0,7,2,1,2,6,1,3,3,0,1,1,0,2,0,0,1,0,1,0,1,0,2,1,0,1,1,0,0,1,0,1,0,0,0,0,0,0,0,0,0,0,0,0,0,0,0,0,0,0,0,0,0,0,0,0,0,0,0,0,0,0,0,0,0,0,0],"N":[0,0.57191,5.9708,4.76035,4.44275,5.69317,1.93996,1.78602,1.39807,2.72066,1.50336,0.93464,0.08924,0.57422,2.09544,1.39029,0.50881,0.85253,0.85253,0,0.85253,0,1.73954,2.39592,0.85253,0.85253,0,0.69087,0,0,0,1.0738,0,0,0,0,0,0,0,0,0,0,0,0,0,0.99125,0,0,0,0,0,0,0,0,0,0,0,0,0,0,0,0,0,0,0,0.99125,0,0,0,0,0,0,0,0],"P":[1.08995,0,3.6583,4.35979,1.08995,1.08995,3.71061,0,2.27885,1.01094,0.08566,0.86576,3.65559,0,2.97881,1.30601,0,0.91543,1.02866,0,1.83086,0,0,0,0,0.91543,0,0.20262,0,1.83086,0.28379,0,5.18791,0.9068,0,0,3.53958,0,3.53958,0,0,0,0,0,0,0,0,0,0,0,0,0,0,0,0,0,0,0,0,0,0,0,0,0,0,0,0,0,0,0,0,0,0,0]}]}