{"name":"FPolyNonmonog","seq":[{"i":[0],"y":[0,70],"t":[1,1,1,1,1,1,1,1,0,0,0]},{"i":[0,1],"y":[0,100],"t":[1,1,1,1,1,1,1,1,1,1,1]}],"type":"AgeCat","x":[18,92],"bins":[18,20,24,30,50,80],"xt":[20,30,40,50,60,70,80,90],"yt":[0,10,20,30,40,50,60,70,80,90,100],"z":1.64485,"series":[{"s":"Fraction of non-monogamous people who are polyamorous","c":[0.8549,0.64706,0.12549],"l":[43.73367,52.08333],"n":[3,5,8,19,19,21,26,72,34,44,48,41,57,53,50,52,37,43,35,19,34,29,37,26,23,22,16,23,15,17,21,15,20,20,14,17,12,16,11,14,11,9,5,6,2,6,4,6,7,7,4,3,2,2,0,1,0,0,0,0,0,0,0,0,0,0,1,0,0,0,0,0,0,0],"p":[4,4,6,21,21,19,29,22,26,34,32,27,36,25,34,23,20,27,18,7,10,14,19,23,15,15,13,9,7,11,10,7,8,3,6,1,3,8,4,5,1,2,4,1,4,1,4,3,1,1,1,0,1,0,0,0,0,0,0,0,1,0,1,0,0,0,0,0,0,0,0,0,0,1],"N":[2.61506,5.29407,4.83139,11.27398,15.40646,17.33069,18.99914,15.99341,11.54469,18.71666,16.24761,13.25782,20.18144,21.3408,20.41565,19.1455,15.72921,25.5725,23.54965,11.91092,26.21355,16.57273,29.39169,13.19225,17.36577,17.54265,11.79452,16.65224,9.66309,13.62346,15.11098,10.23112,80.52232,47.52265,62.01763,39.08462,21.43813,48.54741,27.48648,41.98304,30.61903,19.10792,8.0387,20.02068,7.23305,29.65083,10.08401,10.90549,17.57259,18.82573,8.8956,6.61528,7.98923,7.07916,0,12.42978,0,0,0,0,0,0,0,0,0,0,3.53958,0,0,0,0,0,0,0],"P":[4.01126,3.50154,6.90288,19.40792,20.45474,19.10279,27.08286,8.6993,10.27429,14.62526,12.68986,11.73833,14.02558,9.47695,13.85929,10.05082,9.35146,19.6263,12.39125,5.84571,8.15566,10.80889,15.24455,18.49703,10.72502,11.48893,8.92145,5.83915,5.65057,9.32219,7.39427,4.27567,43.52069,1.9409,27.79003,2.16889,8.42103,24.2939,9.40194,23.01682,3.53958,0.9068,5.72346,3.53958,24.69686,0,10.58704,9.83412,3.53958,3.53958,3.53958,0,2.60107,0,0,0,0,0,0,0,3.53958,0,2.16889,0,0,0,0,0,0,0,0,0,0,2.60107]},{"s":"Fraction of polyamorous people who are non-monogamous","c":[0.54118,0.16863,0.88627],"l":[43.87814,79.42708],"n":[0,3,2,2,10,8,9,20,18,20,24,11,27,14,15,10,9,19,4,4,14,12,5,4,7,8,8,9,6,5,4,8,6,3,5,2,3,1,0,4,5,1,3,0,0,2,1,0,1,0,0,1,1,1,0,1,0,1,0,0,0,0,0,0,0,0,0,0,0,0,0,0,0,0],"p":[4,4,6,21,21,19,29,22,26,34,32,27,36,25,34,23,20,27,18,7,10,14,19,23,15,15,13,9,7,11,10,7,8,3,6,1,3,8,4,5,1,2,4,1,4,1,4,3,1,1,1,0,1,0,0,0,0,0,0,0,1,0,1,0,0,0,0,0,0,0,0,0,0,1],"N":[0,3.02945,0.56854,1.92589,8.4041,5.29709,6.60528,4.54126,5.25145,5.42581,5.56463,2.16769,5.51452,3.14606,4.45938,4.05478,3.5134,9.7248,2.79662,2.89854,5.06178,8.88582,2.43872,2.4561,5.43017,6.72457,4.90533,4.56726,1.75675,3.51397,1.95448,6.19349,15.12075,5.15522,10.20679,1.89805,4.68471,2.60107,0,4.91224,6.81029,3.53958,7.41773,0,0,4.76996,0.99125,0,2.16889,0,0,1.03409,2.60107,2.60107,0,2.16889,0,3.53958,0,0,0,0,0,0,0,0,0,0,0,0,0,0,0,0],"P":[4.01126,3.50154,6.90288,19.40792,20.45474,19.10279,27.08286,8.6993,10.27429,14.62526,12.68986,11.73833,14.02558,9.47695,13.85929,10.05082,9.35146,19.6263,12.39125,5.84571,8.15566,10.80889,15.24455,18.49703,10.72502,11.48893,8.92145,5.83915,5.65057,9.32219,7.39427,4.27567,43.52069,1.9409,27.79003,2.16889,8.42103,24.2939,9.40194,23.01682,3.53958,0.9068,5.72346,3.53958,24.69686,0,10.58704,9.83412,3.53958,3.53958,3.53958,0,2.60107,0,0,0,0,0,0,0,3.53958,0,2.16889,0,0,0,0,0,0,0,0,0,0,2.60107]}]}