{"name":"Hetero","seq":[{"i":[0],"y":[70,100],"t":[0,0,1,1,1,1,1,1,1]},{"i":[0,1],"y":[50,100],"t":[1,1,1,0,1,0,1,0,1]},{"i":[0,2,3],"y":[45,100],"t":[1,1,1,0,1,0,1,0,1]}],"type":"AgeCat","x":[18,92],"bins":[18,20,24,30,50,80],"xt":[20,30,40,50,60,70,80,90],"yt":[50,60,70,75,80,85,90,95,100],"z":1.64485,"series":[{"s":"Heterosexual","c":[0.13333,0.5451,0.13333],"l":[40.46859,90.90495],"n":[28,46,84,96,121,128,138,169,160,175,182,166,174,139,120,118,90,105,61,27,70,58,63,54,43,34,37,38,24,30,33,35,27,30,18,19,20,17,15,18,16,12,11,9,5,1,5,7,3,4,2,3,4,0,2,0,0,1,0,0,0,0,0,0,0,0,0,0,0,0,0,0,0,0],"p":[90,148,207,323,364,376,448,656,531,610,687,701,815,646,743,696,547,660,415,229,457,441,504,329,335,314,267,323,246,265,235,220,233,199,176,182,200,193,125,152,159,123,107,118,93,83,90,83,77,65,41,50,36,29,24,21,9,12,6,6,9,1,2,1,3,1,1,0,0,0,0,0,0,1],"N":[26.29887,37.03368,76.31747,81.37886,105.33836,108.01517,107.90021,55.77922,55.82893,67.67304,67.76691,67.53337,68.00152,54.93249,51.87444,47.8132,35.47369,83.20853,42.18191,19.386,51.35159,42.60715,44.5263,33.92477,31.03285,22.8525,25.63912,21.08043,13.53895,22.34494,22.25202,24.00887,63.13901,60.61866,43.61506,46.87206,38.966,34.70829,38.21904,40.25372,31.50582,25.61412,23.35696,28.30177,12.2813,3.69347,6.52447,17.10444,8.74172,7.60653,7.23305,4.35277,11.84912,0,3.63516,0,0,2.16889,0,0,0,0,0,0,0,0,0,0,0,0,0,0,0,0],"P":[76.57849,124.78714,185.13214,288.01108,337.95255,330.41599,402.49946,249.53028,235.05789,261.951,292.67286,307.72699,327.40101,275.95976,317.42352,297.63429,253.23838,485.35249,327.15562,180.6091,364.50472,339.4209,403.71614,259.46066,269.60192,256.69403,214.33023,256.20304,187.09948,214.93612,182.96044,175.04406,725.96421,652.97198,516.0182,530.57255,594.97315,584.08814,364.96941,435.9821,485.4206,362.90566,260.26756,347.57521,268.73738,268.34195,250.76118,224.29194,211.20746,157.47663,107.9072,151.99095,97.77163,80.94344,64.16113,73.22528,26.27086,51.12329,21.69914,16.50539,26.95953,3.69347,4.76996,3.53958,8.46342,0.99125,3.53958,0,0,0,0,0,0,2.60107]},{"s":"Heteronormatively attracted","c":[0,0,0],"l":[40.75754,76.2311],"n":[50,76,109,147,181,193,232,392,277,328,344,325,382,289,325,280,202,289,162,75,163,139,187,114,96,89,88,112,58,72,75,76,72,62,52,47,56,50,33,41,45,33,34,32,24,15,29,22,14,17,7,3,9,1,7,1,0,0,2,3,1,0,0,1,0,1,0,0,0,0,0,0,0,1],"p":[68,118,182,272,304,311,354,433,414,457,525,542,607,496,538,534,435,476,314,181,364,360,380,269,282,259,216,249,212,223,193,179,188,167,142,154,164,160,107,129,130,102,84,95,74,69,66,68,66,52,36,50,31,28,19,20,9,13,4,3,8,1,2,0,3,0,1,0,0,0,0,0,0,0],"N":[47.73575,65.4649,98.54667,126.56336,160.52474,153.91421,186.21616,123.158,106.19326,119.43939,124.10383,124.27128,132.80693,110.01838,118.98868,102.77057,84.4631,182.54969,110.52724,47.51837,111.82849,89.60117,133.01826,81.3907,74.10078,60.68981,61.87128,73.37854,34.1749,54.10334,45.39143,51.23556,184.68174,135.4888,144.65147,126.85689,147.53126,124.9543,90.40875,98.95193,102.18405,76.86493,64.69437,113.97478,67.45217,57.47822,72.32483,53.77858,47.29949,35.79088,19.42073,2.31117,27.79544,0,18.67141,12.42978,0,0,7.23305,10.312,2.16889,0,0,3.53958,0,0.99125,0,0,0,0,0,0,0,2.60107],"P":[55.14161,96.35592,162.90294,242.82658,282.76617,284.51695,324.1835,182.15151,184.69357,210.18466,236.33594,250.98908,262.59559,220.87387,250.30927,242.67692,204.24898,386.01133,258.81029,152.47673,304.02782,292.42688,315.22417,211.99473,226.534,218.85672,178.09806,203.90493,166.46354,183.17772,159.82103,147.81736,604.42147,578.10184,414.98179,450.58771,486.40789,493.84212,312.7797,377.28389,414.74238,311.65485,218.93015,261.90219,213.56651,214.55719,184.96082,187.6178,172.64969,129.29227,95.71951,154.03255,81.82532,80.94344,49.12488,60.7955,26.27086,53.29218,14.4661,6.19338,24.79064,3.69347,4.76996,0,8.46342,0,3.53958,0,0,0,0,0,0,0]},{"s":"Heteronormatively attracted men","c":[0.11765,0.56471,1],"l":[44.74497,80.52521],"n":[17,29,38,45,62,58,69,135,87,125,135,131,163,115,138,95,80,113,56,34,58,48,84,54,37,31,20,37,25,28,27,31,25,31,20,19,24,23,16,16,15,10,14,13,14,12,12,7,8,8,4,2,3,1,2,1,0,0,2,1,0,0,0,1,0,1,0,0,0,0,0,0,0,0],"p":[42,66,99,116,162,159,181,213,194,222,288,281,322,255,269,284,234,257,162,90,177,178,196,112,134,124,92,104,93,91,84,79,75,76,52,58,65,58,47,44,44,34,26,24,21,26,27,24,25,15,10,20,8,10,6,6,2,5,4,0,5,1,0,0,1,0,1,0,0,0,0,0,0,0],"N":[21.33474,28.15171,42.19669,47.01879,63.33444,56.82005,62.55531,46.58043,39.95792,45.47072,50.68657,49.53162,59.02952,45.12692,49.15802,37.88041,35.16097,70.16468,41.50311,21.59478,48.99952,28.45181,65.15883,40.41224,30.53289,20.58934,15.08382,32.10502,15.02027,19.58997,15.08361,19.85656,76.74658,76.38139,50.16594,42.12648,78.97949,54.76621,56.65625,38.87051,37.37607,26.89845,28.63344,45.79224,40.3801,45.97787,40.97558,22.60595,32.98961,17.4029,12.04971,1.27708,10.77263,0,7.23305,12.42978,0,0,7.23305,3.69347,0,0,0,3.53958,0,0.99125,0,0,0,0,0,0,0,0],"P":[36.77328,59.4631,99.83348,117.83712,171.67735,164.63535,186.98391,97.03382,95.37057,110.026,138.00937,140.98777,146.55899,122.7117,136.06666,138.21459,122.1372,231.49574,150.57811,84.73517,169.9751,160.35572,178.03827,97.62558,115.55771,118.88308,79.36013,93.65386,82.35352,82.34601,81.63973,75.24305,335.72175,320.19104,172.81226,197.41364,233.72542,225.68956,164.08851,146.08148,176.06727,146.46722,85.88602,80.97799,78.20249,108.56171,90.62742,81.65701,80.67158,46.24371,36.31912,85.66699,26.5158,36.16524,15.74317,21.69914,7.07916,26.89588,14.4661,0,17.85179,3.69347,0,0,3.69347,0,3.53958,0,0,0,0,0,0,0]},{"s":"Heteronormatively attracted women","c":[1,0.54902,0],"l":[33.07161,53.59375],"n":[30,42,68,92,108,126,145,237,178,192,195,181,198,163,173,179,117,161,100,40,101,85,97,58,54,57,64,74,33,41,47,44,46,29,32,25,32,27,17,25,29,22,19,18,10,3,17,15,6,8,3,1,6,0,5,0,0,0,0,2,1,0,0,0,0,0,0,0,0,0,0,0,0,1],"p":[25,52,82,154,139,151,172,220,217,232,236,255,281,239,265,248,197,218,151,91,186,181,183,157,147,134,122,142,119,132,109,100,113,89,90,95,98,101,60,84,85,68,58,71,53,43,39,44,41,36,25,30,23,18,13,14,7,8,0,3,3,0,2,0,2,0,0,0,0,0,0,0,0,0],"N":[23.37156,33.48753,55.22871,71.12494,86.45668,90.00239,110.60781,72.52995,62.55489,71.33876,70.14586,69.83527,69.22042,60.44452,63.69752,62.79801,47.43203,101.881,65.79681,25.92359,62.60769,56.86296,65.22631,39.90465,39.93458,40.10047,44.35706,41.05224,19.15463,32.79526,29.63851,31.15773,105.33409,58.11616,94.48553,79.48582,68.55177,70.18809,33.7525,60.08142,62.63909,49.96648,35.15413,66.90547,27.07207,11.50036,31.34925,31.17263,14.30988,17.48118,7.37103,1.03409,17.02281,0,11.43837,0,0,0,0,6.61853,2.16889,0,0,0,0,0,0,0,0,0,0,0,0,2.60107],"P":[18.09998,36.89282,62.43683,124.08511,108.27338,119.60987,135.66888,85.11769,88.67689,99.03109,97.35752,108.70239,115.31767,97.30301,112.46959,103.90965,80.92333,153.82472,107.37965,67.74156,134.05272,132.07116,136.98975,114.36915,110.78014,99.77102,96.85674,108.48945,84.11001,100.83171,78.1813,72.57431,268.69972,229.41501,242.16953,249.48061,250.0814,268.15257,148.69119,229.03352,237.64102,165.18763,133.04413,180.92421,135.36402,105.99548,94.33339,105.96079,91.97811,79.3551,57.2315,68.36556,55.30952,44.7782,33.3817,39.09636,19.1917,26.3963,0,6.19338,6.93885,0,4.76996,0,4.76996,0,0,0,0,0,0,0,0,0]}]}