{"name":"LGBTQBi","seq":[{"i":[0,1],"y":[0,30],"t":[1,1,1,1,1,1,1,0,0,0,0,0,0,0]},{"i":[0,1,2],"y":[0,80],"t":[1,0,1,0,1,0,1,1,1,1,1,1,1,1]}],"type":"AgeCat","x":[18,92],"bins":[18,21,25,30,38,48,82],"xt":[20,30,40,50,60,70,80,90],"yt":[0,5,10,15,20,25,30,40,50,60,70,80,90,100],"z":1.64485,"series":[{"s":"LGBTQ","c":[0,0,0],"l":[28.81721,22.43583],"n":[89,146,205,314,353,361,432,614,517,599,658,672,767,627,698,660,535,621,387,220,444,430,486,315,320,304,250,301,238,257,222,213,223,191,166,173,191,187,124,155,152,120,104,117,91,78,86,82,76,62,41,50,36,29,24,21,9,12,6,6,9,1,2,1,3,0,1,0,0,0,0,0,0,1],"p":[29,48,86,105,132,143,154,211,174,186,211,195,222,158,165,154,102,144,89,36,83,69,81,68,58,44,54,60,32,38,46,42,37,38,28,28,29,23,16,15,23,15,14,10,7,6,9,8,4,7,2,3,4,0,2,0,0,1,0,0,0,0,0,0,0,1,0,0,0,0,0,0,0,0],"N":[76.54716,122.35027,183.42919,280.97247,329.4146,317.44265,387.51078,242.31263,227.93477,260.48983,282.21336,301.89607,310.47227,272.16586,311.45713,291.89451,248.87667,470.0851,308.62345,175.24618,359.14022,335.54043,394.28567,250.17771,255.52981,251.37401,206.43596,246.62876,181.20634,209.81692,179.24334,171.58827,701.86695,640.99486,469.00078,512.48485,575.99581,563.61965,363.96145,445.2616,469.26111,355.8582,255.72174,347.18994,264.13711,260.85238,230.91368,221.69087,206.57548,155.16545,107.9072,154.03255,97.33946,80.94344,64.16113,73.22528,26.27086,51.12329,21.69914,16.50539,26.95953,3.69347,4.76996,3.53958,8.46342,0,3.53958,0,0,0,0,0,0,2.60107],"P":[26.3302,39.47055,78.02041,88.41747,113.87631,120.9885,122.88888,62.99688,62.95205,69.13421,78.22641,73.36429,84.93025,58.72639,57.84083,53.55298,39.83541,98.47592,60.71408,24.74892,56.71609,46.48762,53.95676,43.20772,45.10497,28.17252,33.53339,30.65471,19.4321,27.46414,25.96912,27.46466,87.23626,72.59578,90.63247,64.95975,57.94333,55.17677,39.227,30.97422,47.66532,32.66157,27.90278,28.68704,16.88157,11.18304,26.37197,19.70551,13.3737,9.9177,7.23305,2.31117,12.2813,0,3.63516,0,0,2.16889,0,0,0,0,0,0,0,0.99125,0,0,0,0,0,0,0,0]},{"s":"Bisexual","c":[0.12549,0.69804,0.66667],"l":[34.39039,13.02245],"n":[98,161,241,362,410,421,472,691,582,657,727,739,852,685,763,723,568,678,411,226,466,451,509,333,341,319,266,320,253,272,230,231,235,208,177,186,199,198,133,163,162,127,109,124,95,80,88,86,79,64,42,52,36,29,25,21,9,12,6,6,9,1,2,1,3,0,1,0,0,0,0,0,0,1],"p":[20,33,50,57,75,83,114,134,109,128,142,128,137,100,100,91,69,87,65,30,61,48,58,50,37,29,38,41,17,23,38,24,25,21,17,15,21,12,7,7,13,8,9,3,3,4,7,4,1,5,1,1,4,0,1,0,0,1,0,0,0,0,0,0,0,1,0,0,0,0,0,0,0,0],"N":[84.20928,133.17136,216.65307,319.01964,376.22674,372.36974,419.67572,267.82348,252.5269,283.05876,309.76551,325.4962,341.04256,292.75374,335.95796,312.37583,262.1892,508.12783,325.56859,179.86711,376.65387,348.55591,408.69968,263.61312,272.48738,261.18092,216.10327,257.95382,192.84821,220.98081,185.52745,184.97831,739.21653,674.81065,490.49166,546.56874,597.57063,597.67822,388.26363,464.56196,491.65639,367.76006,269.41618,367.52074,276.57229,268.23931,234.50599,231.62056,216.25571,157.10635,111.44678,155.06665,97.33946,80.94344,66.76219,73.22528,26.27086,51.12329,21.69914,16.50539,26.95953,3.69347,4.76996,3.53958,8.46342,0,3.53958,0,0,0,0,0,0,2.60107],"P":[18.66808,28.64945,44.79654,50.3703,67.06416,66.06142,90.72395,37.48603,38.35992,46.56529,50.67426,49.76416,54.35996,38.13851,33.33999,33.07165,26.52288,60.43319,43.76894,20.12799,39.20244,33.47214,39.54275,29.77231,28.1474,18.36561,23.86608,19.32965,7.79022,16.30025,19.68501,14.07462,49.88668,38.77999,69.14159,30.87587,36.36852,21.1182,14.92482,11.67387,25.27004,20.75971,14.20834,8.35624,4.44639,3.79611,22.77966,9.77581,3.69347,7.9768,3.69347,1.27708,12.2813,0,1.03409,0,0,2.16889,0,0,0,0,0,0,0,0.99125,0,0,0,0,0,0,0,0]},{"s":"LGBTQ people who are bisexual","c":[0,0.39216,0],"l":[42.22142,73.64583],"n":[9,15,36,48,57,60,40,77,65,58,69,67,85,58,65,63,33,57,24,6,22,21,23,18,21,15,16,19,15,15,8,18,12,17,11,13,8,11,9,8,10,7,5,7,4,2,2,4,3,2,1,2,0,0,1,0,0,0,0,0,0,0,0,0,0,0,0,0,0,0,0,0,0,0],"p":[20,33,50,57,75,83,114,134,109,128,142,128,137,100,100,91,69,87,65,30,61,48,58,50,37,29,38,41,17,23,38,24,25,21,17,15,21,12,7,7,13,8,9,3,3,4,7,4,1,5,1,1,4,0,1,0,0,1,0,0,0,0,0,0,0,1,0,0,0,0,0,0,0,0],"N":[7.66212,10.8211,33.22388,38.04717,46.81214,54.92709,32.16493,25.51085,24.59213,22.56892,27.55215,23.60013,30.57029,20.58788,24.50083,20.48132,13.31253,38.04273,16.94514,4.62093,17.51365,13.01548,14.41401,13.43541,16.95757,9.80692,9.66731,11.32506,11.64188,11.16388,6.28411,13.39004,37.34958,33.81579,21.49088,34.08388,21.57482,34.05857,24.30218,19.30035,22.39528,11.90186,13.69444,20.33079,12.43518,7.38693,3.59232,9.9297,9.68023,1.9409,3.53958,1.03409,0,0,2.60107,0,0,0,0,0,0,0,0,0,0,0,0,0,0,0,0,0,0,0],"P":[18.66808,28.64945,44.79654,50.3703,67.06416,66.06142,90.72395,37.48603,38.35992,46.56529,50.67426,49.76416,54.35996,38.13851,33.33999,33.07165,26.52288,60.43319,43.76894,20.12799,39.20244,33.47214,39.54275,29.77231,28.1474,18.36561,23.86608,19.32965,7.79022,16.30025,19.68501,14.07462,49.88668,38.77999,69.14159,30.87587,36.36852,21.1182,14.92482,11.67387,25.27004,20.75971,14.20834,8.35624,4.44639,3.79611,22.77966,9.77581,3.69347,7.9768,3.69347,1.27708,12.2813,0,1.03409,0,0,2.16889,0,0,0,0,0,0,0,0.99125,0,0,0,0,0,0,0,0]},{"s":"Bisexual people who are women","c":[1,0.54902,0],"l":[36.12312,75.92509],"n":[3,7,11,14,23,17,31,47,24,41,44,38,48,33,33,27,17,29,19,12,15,14,22,27,14,9,8,10,5,7,14,10,8,10,8,6,10,4,2,2,7,5,4,3,2,3,4,1,1,3,1,1,2,0,0,0,0,0,0,0,0,0,0,0,0,1,0,0,0,0,0,0,0,0],"p":[17,26,39,43,52,66,83,87,85,87,98,90,89,67,67,64,52,58,46,18,46,34,36,23,23,20,30,31,12,16,24,14,17,11,9,9,11,8,5,5,6,3,5,0,1,1,3,3,0,2,0,0,2,0,1,0,0,1,0,0,0,0,0,0,0,0,0,0,0,0,0,0,0,0],"N":[3.47021,6.15709,11.70654,14.20288,24.44755,13.55052,26.60735,13.19483,8.38789,12.5161,13.10497,13.85397,18.59396,12.27336,8.98911,9.37298,6.54841,21.6615,11.83878,9.02109,11.86869,7.87591,17.015,15.91484,9.14622,5.56823,4.18474,2.81196,2.63312,3.1516,7.43082,4.90129,17.35979,17.03845,18.15582,5.8111,13.79707,7.98597,4.44639,4.44639,14.88242,12.95651,3.99749,8.35624,4.44639,2.80486,18.15325,3.53958,3.69347,4.81666,3.69347,1.27708,7.07916,0,0,0,0,0,0,0,0,0,0,0,0,0.99125,0,0,0,0,0,0,0,0],"P":[15.19787,22.49236,33.08999,36.16742,42.61662,52.5109,64.1166,24.2912,29.97203,34.04919,37.5693,35.91019,35.766,25.86515,24.35089,23.69867,19.97447,38.77169,31.93016,11.10689,27.33374,25.59623,22.52775,13.85747,19.00118,12.79737,19.68134,16.51769,5.1571,13.14866,12.25419,9.17332,32.52689,21.74154,50.98577,25.06477,22.57145,13.13223,10.47843,7.22748,10.38762,7.8032,10.21085,0,0,0.99125,4.62641,6.23623,0,3.16014,0,0,5.20214,0,1.03409,0,0,2.16889,0,0,0,0,0,0,0,0,0,0,0,0,0,0,0,0]}]}