{"name":"Makeup","str":[[[0,0,0],"Do you ever use makeup?",[0.5,0.83]]],"seq":[{"i":[0],"y":[75,100],"t":[0,0,0,0,0,0,0,0,1,1,1,1,1,1]},{"i":[0,1],"y":[30,100],"t":[0,0,0,1,1,1,1,1,0,1,0,1,0,1]},{"i":[0,1,2],"y":[0,100],"t":[1,1,1,1,1,1,1,1,0,1,0,1,0,1]}],"type":"AgeCat","x":[18,89],"bins":[18,21,25,35,46,58,72],"xt":[20,25,30,35,40,45,50,55,60,65,70,75],"yt":[0,10,20,30,40,50,60,70,75,80,85,90,95,100],"z":1.64485,"series":[{"s":"Opposite-sex attracted women","c":[0.54118,0.16863,0.88627],"l":[50.93844,94.79167],"n":[4,4,3,5,9,11,9,12,16,6,14,8,12,13,13,6,7,0,0,0,11,9,8,5,4,11,11,5,3,5,4,4,6,4,3,2,2,8,6,2,5,11,4,6,4,2,2,3,1,5,1,1,1,0,0,0,0,0,2,0,0,1,0,0,0,0,0,0,0,0,1],"p":[9,21,40,62,81,110,126,140,131,176,154,151,139,118,129,144,101,6,5,5,105,76,65,69,67,65,56,57,48,54,48,51,41,33,25,33,40,46,32,25,38,19,28,22,21,16,19,22,13,9,7,6,10,3,4,1,1,4,0,2,0,0,1,1,0,0,0,1,0,0,0],"N":[2.42068,4.60804,1.93227,2.50126,4.25411,6.56151,7.81843,4.66679,5.63064,2.25389,5.15142,2.97229,4.80471,4.60536,4.98074,1.89236,2.63823,0,0,0,9.03981,7.0003,6.98254,4.12623,3.36365,9.85413,7.9997,4.23576,2.49153,4.23576,2.98922,3.36365,16.49955,8.71309,6.73209,3.96201,4.35655,18.60979,18.29542,4.35655,8.31856,22.7399,9.10763,8.31856,8.31856,4.35655,11.0007,6.73209,2.37554,11.08863,1.46068,1.46068,2.37554,0,0,0,0,0,4.35655,0,0,1.981,0,0,0,0,0,0,0,0,1.981],"P":[5.64402,15.13306,26.48573,45.11889,57.23027,82.40891,90.929,51.31655,45.41972,64.1237,57.22921,52.73324,52.68335,42.04348,45.82786,51.05992,36.97521,5.11501,3.88627,3.87099,100.94826,66.46404,53.39351,58.5673,67.67485,62.8319,47.83305,49.17477,38.33663,43.57283,38.78046,52.20464,95.24719,81.7366,58.73025,98.58713,105.47497,105.04474,82.28962,56.9004,102.40218,60.41895,56.94615,46.64659,52.74493,39.19714,48.50684,50.04252,32.85959,24.1465,15.05064,11.08863,22.17727,7.12662,8.31856,7.05995,1.981,8.71309,0,4.75108,0,0,2.37554,2.37554,0,0,0,2.37554,0,0,0]},{"s":"Same-sex attracted women","c":[1,0.27059,0],"l":[52.56753,79.29688],"n":[2,3,2,3,2,8,5,7,9,5,7,3,7,1,3,5,2,0,0,0,1,1,3,1,1,2,5,5,1,3,0,2,1,1,1,1,5,3,0,1,0,2,2,2,0,1,0,0,0,2,0,0,0,0,0,0,0,0,0,0,0,0,0,0,0,0,0,0,0,0,0],"p":[7,4,15,23,23,30,43,45,31,52,34,54,38,24,38,25,15,1,0,1,15,9,10,10,14,14,6,5,3,3,0,4,3,8,2,3,4,4,0,0,0,0,0,1,0,0,2,0,1,2,1,0,0,0,0,0,0,0,0,0,0,0,0,0,0,0,0,0,0,0,0],"N":[1.66652,3.88243,1.50831,1.96976,1.47976,5.38179,3.63629,2.51945,3.34658,1.89971,2.60806,1.06252,4.62269,0.35417,1.3001,1.89971,0.71841,0,0,0,0.87212,0.87212,2.49153,0.87212,0.87212,1.61942,4.06277,4.23576,1.06389,2.50681,0,1.61942,2.37554,2.37554,2.37554,1.981,10.96284,6.21176,0,2.37554,0,4.35655,4.75108,2.37554,0,2.37554,0,0,0,3.72725,0,0,0,0,0,0,0,0,0,0,0,0,0,0,0,0,0,0,0,0,0],"P":[4.62411,2.84464,9.07199,17.7833,15.55132,21.25572,33.82208,17.64962,10.13187,17.94067,12.65217,19.02797,15.44546,8.36348,13.82556,9.41745,5.34812,0.87212,0,0.7473,12.15787,7.34979,8.17735,7.43252,11.59522,11.8408,4.98307,4.11095,2.49153,2.36672,0,3.48846,10.28779,19.32875,3.33271,6.33755,9.50217,13.05787,0,0,0,0,0,1.981,0,0,3.96201,0,1.981,4.75108,1.981,0,0,0,0,0,0,0,0,0,0,0,0,0,0,0,0,0,0,0,0]},{"s":"Lesbian women","c":[0.12549,0.69804,0.66667],"l":[46.56564,53.38542],"n":[1,2,1,2,1,4,2,4,5,3,3,2,2,0,2,4,2,0,0,0,0,1,2,1,1,0,1,4,1,2,0,1,0,1,0,1,4,2,0,0,0,1,1,1,0,1,0,0,0,2,0,0,0,0,0,0,0,0,0,0,0,0,0,0,0,0,0,0,0,0,0],"p":[3,1,6,4,8,8,11,17,9,9,8,10,13,4,6,8,2,1,0,1,4,1,0,4,4,5,3,1,0,0,0,3,1,2,0,2,2,2,0,0,0,0,0,0,0,0,1,0,0,1,1,0,0,0,0,0,0,0,0,0,0,0,0,0,0,0,0,0,0,0,0],"N":[0.91237,3.12828,0.75416,1.66652,0.75416,3.14628,1.21561,1.42675,1.79098,1.07258,1.06252,0.70835,1.77506,0,0.94592,1.53548,0.71841,0,0,0,0,0.87212,1.74423,0.87212,0.87212,0,1.06389,3.48846,1.06389,1.75951,0,0.7473,0,2.37554,0,1.981,8.5873,3.83622,0,0,0,2.37554,2.37554,2.37554,0,2.37554,0,0,0,3.72725,0,0,0,0,0,0,0,0,0,0,0,0,0,0,0,0,0,0,0,0,0],"P":[2.42068,0.26575,3.87889,3.01662,5.34972,5.55377,8.64271,6.86824,3.00941,3.04977,2.85351,3.40394,5.56255,1.43681,1.99104,2.60618,0.70835,0.87212,0,0.7473,2.93904,0.7473,0,2.87406,3.48846,4.23576,2.49153,0.87212,0,0,0,2.61635,5.93124,4.35655,0,4.35655,4.75108,4.75108,0,0,0,0,0,0,0,0,1.981,0,0,2.37554,1.981,0,0,0,0,0,0,0,0,0,0,0,0,0,0,0,0,0,0,0,0]}]}