{"name":"QueerLG","seq":[{"i":[0,1],"y":[0,14],"t":[1,1,1,1,1,1,1,1,0,0,0,0,0,0,0,0,0]},{"i":[0,1,2],"y":[0,14],"t":[1,1,1,1,1,1,1,1,0,0,0,0,0,0,0,0,0]},{"i":[3,4],"y":[0,100],"t":[1,0,0,0,0,1,0,0,1,1,1,1,1,1,1,1,1]}],"type":"AgeCat","x":[18,92],"bins":[18,24,30,45,60,72],"xt":[20,30,40,50,60,70,80,90],"yt":[0,2,4,6,8,10,12,14,20,30,40,50,60,70,80,90,100],"z":1.64485,"series":[{"s":"Queer","c":[0.54118,0.16863,0.88627],"l":[41.15389,3.52433],"n":[105,172,243,367,428,441,519,745,616,707,784,790,914,729,802,754,598,712,450,248,504,481,549,367,359,335,289,346,262,281,262,245,252,215,188,196,213,199,134,163,165,132,115,124,96,82,93,85,79,68,42,51,40,29,25,21,9,13,6,6,9,1,2,1,3,1,1,0,0,0,0,0,0,1],"p":[13,22,48,52,57,63,67,80,75,78,85,77,75,56,61,60,39,53,26,8,23,18,18,16,19,13,15,15,8,14,6,10,8,14,6,5,7,11,6,7,10,3,3,3,2,2,2,5,1,1,1,2,0,0,1,0,0,0,0,0,0,0,0,0,0,0,0,0,0,0,0,0,0,0],"N":[90.40922,144.30605,217.35088,330.50914,392.01771,386.7913,455.73156,277.21174,263.97937,295.81414,330.15409,347.13691,365.96225,308.82325,346.68999,324.66901,274.07049,532.59725,351.20793,193.95937,397.55719,371.21246,437.52385,282.69944,286.33549,270.56096,231.00558,270.8689,195.0988,225.78313,200.41252,191.673,767.25023,689.78819,548.34997,563.07966,621.08764,585.67637,389.34012,457.84227,492.1842,384.92746,275.66701,369.82994,274.87803,267.43514,253.69333,227.9271,216.40959,164.04906,111.60066,155.30963,109.62076,80.94344,66.76219,73.22528,26.27086,53.29218,21.69914,16.50539,26.95953,3.69347,4.76996,3.53958,8.46342,0.99125,3.53958,0,0,0,0,0,0,2.60107],"P":[12.46814,17.51477,44.09872,38.8808,51.27319,51.63986,54.66811,28.09776,26.90745,33.8099,30.28568,28.12345,29.44028,22.06901,22.60796,20.77847,14.64158,35.96377,18.1296,6.03572,18.29912,10.81559,10.71859,10.68599,14.29929,8.98557,8.96377,6.41457,5.53963,11.49794,4.79994,7.37993,21.85298,23.80245,11.28329,14.36495,12.85151,33.12006,13.84833,18.39355,24.74223,3.59232,7.95752,6.04704,6.14065,4.60027,3.59232,13.46928,3.53958,1.03409,3.53958,1.03409,0,0,1.03409,0,0,0,0,0,0,0,0,0,0,0,0,0,0,0,0,0,0,0]},{"s":"\"Homosexual, gay or lesbian\"","c":[0,0.39216,0],"l":[49.97299,5.8125],"n":[103,172,254,364,430,448,530,755,624,713,804,801,921,731,802,767,600,711,451,249,504,476,548,363,359,330,288,339,255,279,258,241,248,211,184,189,210,200,132,162,167,127,114,121,94,81,94,83,77,68,42,53,39,29,24,21,9,13,6,6,9,1,2,1,3,1,1,0,0,0,0,0,0,1],"p":[15,22,37,55,55,56,56,70,67,72,65,66,68,54,61,47,37,54,25,7,23,23,19,20,19,18,16,22,15,16,10,14,12,18,10,12,10,10,8,8,8,8,4,6,4,3,1,7,3,1,1,0,1,0,2,0,0,0,0,0,0,0,0,0,0,0,0,0,0,0,0,0,0,0],"N":[89.72088,144.44865,228.12953,324.66897,392.71944,385.92624,464.75239,278.95772,264.4634,298.97459,335.84562,347.62084,370.16283,310.17978,347.108,327.88226,274.20829,531.2412,349.21308,196.06689,397.96339,366.27836,433.80627,278.6298,283.96692,267.7838,229.32749,261.50563,189.19135,224.24351,195.60037,189.5903,756.84596,671.87803,534.97547,541.98677,611.6116,595.55782,383.85681,456.93547,499.3478,371.8857,273.09939,356.82326,268.73738,263.65723,254.68458,224.29194,210.26894,164.17635,111.60066,156.34372,106.08117,80.94344,64.16113,73.22528,26.27086,53.29218,21.69914,16.50539,26.95953,3.69347,4.76996,3.53958,8.46342,0.99125,3.53958,0,0,0,0,0,0,2.60107],"P":[13.15648,17.37216,33.32007,44.72097,50.57147,52.50492,45.64728,26.35179,26.42342,30.64946,24.59415,27.63952,25.2397,20.71247,22.18995,17.56523,14.50379,37.31982,20.12445,3.92821,17.89292,15.74969,14.43617,14.75563,16.66786,11.76273,10.64185,15.77784,11.44708,13.03755,9.61209,9.46263,32.25725,41.71261,24.65778,35.45783,22.32755,23.23861,19.33163,19.30035,17.57862,16.63407,10.52513,19.05372,12.2813,8.37818,2.60107,17.10444,9.68023,0.9068,3.53958,0,3.53958,0,3.63516,0,0,0,0,0,0,0,0,0,0,0,0,0,0,0,0,0,0,0]},{"s":"\"Homosexual, gay or lesbian\" and Queer","c":[1,0.27059,0],"l":[42.34108,1.4375],"n":[110,184,266,389,455,474,550,792,655,745,831,832,964,755,835,789,613,743,466,253,519,492,561,375,366,338,299,354,265,285,263,251,254,221,191,197,215,204,136,163,170,133,118,125,96,83,94,85,79,69,42,53,40,29,25,21,9,13,6,6,9,1,2,1,3,1,1,0,0,0,0,0,0,1],"p":[8,10,25,30,30,30,36,33,36,40,38,35,25,30,28,25,24,22,10,3,8,7,6,8,12,10,5,7,5,10,5,4,6,8,3,4,5,6,4,7,5,2,0,2,2,1,1,5,1,0,1,0,0,0,1,0,0,0,0,0,0,0,0,0,0,0,0,0,0,0,0,0,0,0],"N":[94.8008,153.62409,237.54256,347.39207,415.56239,411.37412,479.58639,289.30043,278.48375,310.85248,344.19862,359.71282,383.31467,318.88654,358.15156,335.67068,278.51924,552.62608,361.31582,198.03099,410.413,376.69589,443.8634,287.39069,290.84317,272.3634,236.59509,272.50128,196.34874,228.62449,201.44118,196.79856,772.95871,694.08186,551.32372,564.07091,623.02854,605.23805,393.78651,457.84227,503.84693,385.91871,283.62453,371.10702,274.87803,268.34195,254.68458,227.9271,216.40959,165.08315,111.60066,156.34372,109.62076,80.94344,66.76219,73.22528,26.27086,53.29218,21.69914,16.50539,26.95953,3.69347,4.76996,3.53958,8.46342,0.99125,3.53958,0,0,0,0,0,0,2.60107],"P":[8.07656,8.19672,23.90705,21.99788,27.72851,27.05704,30.81328,16.00907,12.40308,18.77156,16.24115,15.54753,12.08786,12.00572,11.14639,9.77681,10.19284,15.93494,8.02171,1.9641,5.44331,5.33216,4.37903,5.99474,9.79161,7.18313,3.37426,4.78219,4.28969,8.65657,3.77128,2.25437,16.14451,19.50878,8.30954,13.3737,10.91061,13.55838,9.40194,18.39355,13.0795,2.60107,0,4.76996,6.14065,3.69347,2.60107,13.46928,3.53958,0,3.53958,0,0,0,1.03409,0,0,0,0,0,0,0,0,0,0,0,0,0,0,0,0,0,0,0]},{"s":"Queer people who are \"homosexual, gay or lesbian\"","c":[0,0.39216,0],"l":[47.37249,83.29019],"n":[5,12,23,22,27,33,31,47,39,38,47,42,50,26,33,35,15,31,16,5,15,11,12,8,7,3,10,8,3,4,1,6,2,6,3,1,2,5,2,0,5,1,3,1,0,1,1,0,0,1,0,2,0,0,0,0,0,0,0,0,0,0,0,0,0,0,0,0,0,0,0,0,0,0],"p":[8,10,25,30,30,30,36,33,36,40,38,35,25,30,28,25,24,22,10,3,8,7,6,8,12,10,5,7,5,10,5,4,6,8,3,4,5,6,4,7,5,2,0,2,2,1,1,5,1,0,1,0,0,0,1,0,0,0,0,0,0,0,0,0,0,0,0,0,0,0,0,0,0,0],"N":[4.39158,9.31804,20.19167,16.88293,23.54468,24.58282,23.85483,12.0887,14.50437,15.03834,14.04454,12.57592,17.35242,10.06329,11.46157,11.00166,4.44875,20.02883,10.10789,4.07162,12.85581,5.48343,6.33956,4.69125,4.50768,1.80244,5.58951,1.63238,1.24994,2.84137,1.02866,5.12556,5.70847,4.29367,2.97375,0.99125,1.9409,19.56168,4.44639,0,11.66273,0.99125,7.95752,1.27708,0,0.9068,0.99125,0,0,1.03409,0,1.03409,0,0,0,0,0,0,0,0,0,0,0,0,0,0,0,0,0,0,0,0,0,0],"P":[8.07656,8.19672,23.90705,21.99788,27.72851,27.05704,30.81328,16.00907,12.40308,18.77156,16.24115,15.54753,12.08786,12.00572,11.14639,9.77681,10.19284,15.93494,8.02171,1.9641,5.44331,5.33216,4.37903,5.99474,9.79161,7.18313,3.37426,4.78219,4.28969,8.65657,3.77128,2.25437,16.14451,19.50878,8.30954,13.3737,10.91061,13.55838,9.40194,18.39355,13.0795,2.60107,0,4.76996,6.14065,3.69347,2.60107,13.46928,3.53958,0,3.53958,0,0,0,1.03409,0,0,0,0,0,0,0,0,0,0,0,0,0,0,0,0,0,0,0]},{"s":"\"Homosexual, gay or lesbian\" people who are queer","c":[0.5451,0.27059,0.07451],"l":[46.07224,39.0625],"n":[7,12,12,25,25,26,20,37,31,32,27,31,43,24,33,22,13,32,15,4,15,16,13,12,7,8,11,15,10,6,5,10,6,10,7,8,5,4,4,1,3,6,4,4,2,2,0,2,2,1,0,0,1,0,1,0,0,0,0,0,0,0,0,0,0,0,0,0,0,0,0,0,0,0],"p":[8,10,25,30,30,30,36,33,36,40,38,35,25,30,28,25,24,22,10,3,8,7,6,8,12,10,5,7,5,10,5,4,6,8,3,4,5,6,4,7,5,2,0,2,2,1,1,5,1,0,1,0,0,0,1,0,0,0,0,0,0,0,0,0,0,0,0,0,0,0,0,0,0,0],"N":[5.07993,9.17544,9.41302,22.7231,22.84295,25.44788,14.834,10.34272,14.02034,11.8779,8.353,12.09199,13.15184,8.70676,11.04356,7.78842,4.31095,21.38488,12.10274,1.9641,12.44961,10.41754,10.05714,8.76088,6.87625,4.5796,7.2676,10.99565,7.15739,4.38098,5.84081,7.20826,16.11274,22.20383,16.34824,22.08413,11.41695,9.68023,9.9297,0.9068,4.49912,14.033,10.52513,14.28376,6.14065,4.68471,0,3.63516,6.14065,0.9068,0,0,3.53958,0,2.60107,0,0,0,0,0,0,0,0,0,0,0,0,0,0,0,0,0,0,0],