{"name":"TransAAB","seq":[{"i":[0],"y":[0,5],"t":[1,1,1,1,1,1,0,0,0,0,0,0,0,0,0,0,0,0]},{"i":[1,2],"y":[0,7],"t":[1,1,1,1,1,1,1,1,0,0,0,0,0,0,0,0,0,0]},{"i":[3,4],"y":[0,100],"t":[1,0,0,0,0,0,0,0,1,1,1,1,1,1,1,1,1,1]}],"type":"AgeCat","x":[18,92],"bins":[18,21,36,52,84],"xt":[20,30,40,50,60,70,80,90],"yt":[0,1,2,3,4,5,6,7,10,20,30,40,50,60,70,80,90,100],"z":1.64485,"series":[{"s":"Trans","c":[0,0,0],"l":[40.67305,1.49236],"n":[114,189,276,403,471,492,571,805,674,768,854,853,959,772,838,803,630,752,470,251,520,496,560,378,376,344,300,352,268,291,266,251,258,227,191,200,220,210,137,168,173,134,117,126,97,84,94,90,80,69,43,53,40,29,26,21,9,13,6,6,9,1,2,1,3,1,1,0,0,0,0,0,0,1],"p":[4,5,15,16,14,12,15,20,17,17,15,14,30,13,25,11,7,13,6,5,7,3,7,5,2,4,4,9,2,4,2,4,2,2,3,1,0,0,3,2,2,1,1,1,1,0,1,0,0,0,0,0,0,0,0,0,0,0,0,0,0,0,0,0,0,0,0,0,0,0,0,0,0,0],"N":[98.75796,158.43546,247.54927,354.90862,434.94587,430.11485,496.29728,300.71728,286.10374,325.29032,357.09621,370.95235,386.54543,326.4831,360.55137,341.96199,287.14179,562.88815,365.55514,197.15507,412.32039,380.93842,444.84442,289.87146,298.86682,276.66052,238.63002,273.52813,200.35465,235.0263,204.64489,195.65107,781.74641,711.5653,556.74395,576.5378,633.93915,618.79642,398.37179,471.78943,513.76629,388.51977,282.71772,374.5999,277.32521,272.03541,256.2944,241.39638,219.94918,165.08315,115.14024,156.34372,109.62076,80.94344,67.79629,73.22528,26.27086,53.29218,21.69914,16.50539,26.95953,3.69347,4.76996,3.53958,8.46342,0.99125,3.53958,0,0,0,0,0,0,2.60107],"P":[4.1194,3.38536,13.90034,14.48132,8.34503,8.3163,14.10238,4.59222,4.78308,4.33372,3.34356,4.30801,8.8571,4.40915,8.74659,3.4855,1.57029,5.67287,3.78239,2.84002,3.53592,1.08963,3.39801,3.51397,1.76796,2.88601,1.33933,3.75534,0.28379,2.25476,0.56757,3.40185,7.3568,2.02534,2.8893,0.9068,0,0,4.81666,4.44639,3.16014,0,0.9068,1.27708,3.69347,0,0.99125,0,0,0,0,0,0,0,0,0,0,0,0,0,0,0,0,0,0,0,0,0,0,0,0,0,0,0]},{"s":"Trans if assigned female at birth","c":[0.11765,0.56471,1],"l":[39.11935,2.83263],"n":[54,95,147,247,250,277,309,449,386,422,429,431,462,403,431,423,309,374,250,127,279,263,280,212,199,186,187,211,150,171,153,144,157,116,118,122,128,125,73,108,114,88,75,86,63,47,55,59,47,44,29,31,29,18,18,14,7,8,0,5,4,0,2,0,2,1,0,0,0,0,0,0,0,1],"p":[1,5,11,10,9,9,12,14,9,10,9,9,17,6,13,5,6,5,4,2,2,2,2,3,1,1,1,6,0,1,0,2,1,2,2,0,0,0,0,0,2,0,0,0,0,0,1,0,0,0,0,0,0,0,0,0,0,0,0,0,0,0,0,0,0,0,0,0,0,0,0,0,0,0],"N":[40.3816,69.86185,112.57986,194.3723,198.09787,212.42719,242.37033,157.82842,150.97063,171.0835,170.02211,178.71962,180.28215,159.6882,174.43769,166.27346,129.08767,257.45965,174.04266,93.27286,194.1983,190.50264,203.10307,155.34761,151.79788,138.95606,144.27545,149.37555,103.26464,132.42102,107.53602,102.0305,369.27808,285.59027,334.67256,333.30422,317.69466,338.34066,178.90411,291.28383,300.32295,215.1541,168.19826,247.82967,162.43609,118.48709,124.6914,137.13342,106.28799,96.83628,66.77141,69.39966,72.33232,44.7782,44.82007,39.09636,19.1917,26.3963,0,12.81192,9.10774,0,4.76996,0,4.76996,0.99125,0,0,0,0,0,0,0,2.60107],"P":[0.84955,3.38536,9.15209,7.94164,5.3471,7.22636,10.39178,3.96612,1.93354,3.35519,2.39527,3.35659,4.28819,2.30261,3.85827,1.94296,1.57029,2.81334,2.75373,0.39229,1.70505,0.88701,1.04867,2.39592,0.85253,0.85253,0.22128,1.72186,0,0.22128,0,2.99661,2.16889,2.02534,1.9825,0,0,0,0,0,3.16014,0,0,0,0,0,0.99125,0,0,0,0,0,0,0,0,0,0,0,0,0,0,0,0,0,0,0,0,0,0,0,0,0,0,0]},{"s":"Trans if assigned male at birth","c":[1,0.54902,0],"l":[28.9441,0.45541],"n":[60,94,128,152,221,209,252,340,280,336,413,408,479,356,397,374,313,368,215,122,231,225,273,156,168,152,111,137,116,117,110,104,99,108,71,77,88,80,62,56,57,43,39,37,34,35,38,30,33,24,14,20,11,11,8,7,2,5,6,1,5,1,0,1,1,0,1,0,0,0,0,0,0,0],"p":[3,0,4,6,4,1,3,4,8,6,5,4,11,6,10,5,0,5,1,2,2,1,4,2,1,3,2,3,1,3,2,2,1,0,1,1,0,0,2,2,0,0,1,1,1,0,0,0,0,0,0,0,0,0,0,0,0,0,0,0,0,0,0,0,0,0,0,0,0,0,0,0,0,0],"N":[58.37637,88.57361,134.96941,160.53632,236.848,217.68766,253.92695,142.88886,135.13311,154.20682,187.0741,192.23273,206.26327,166.7949,186.11368,175.68853,158.05412,305.4285,191.51248,103.88221,218.12209,190.43578,241.74135,134.52385,147.06894,137.70446,94.35457,124.15258,97.09001,102.60528,97.10886,93.62057,412.46834,425.97503,222.0714,243.23358,316.24449,280.45577,219.46768,180.5056,213.44334,173.36567,114.51946,126.77023,114.88912,153.54833,131.603,104.26295,113.66119,68.24688,48.36883,86.94407,37.28843,36.16524,22.97622,34.12893,7.07916,26.89588,21.69914,3.69347,17.85179,3.69347,0,3.53958,3.69347,0,3.53958,0,0,0,0,0,0,0],"P":[3.26984,0,4.74825,6.53968,2.99793,1.08995,3.71061,0.6261,2.84955,0.97853,0.94829,0.95141,4.56891,2.10654,4.88832,1.54254,0,2.85953,1.02866,2.44773,1.83086,0.20262,2.34934,1.11805,0.91543,2.03348,1.11805,2.03348,0.28379,2.03348,0.56757,0.40524,5.18791,0,0.9068,0.9068,0,0,4.81666,4.44639,0,0,0.9068,1.27708,3.69347,0,0,0,0,0,0,0,0,0,0,0,0,0,0,0,0,0,0,0,0,0,0,0,0,0,0,0,0,0]},{"s":"Fraction of trans assigned female at birth","c":[0.11765,0.56471,1],"l":[51.8816,18.61979],"n":[3,0,4,6,5,3,3,6,8,7,6,5,13,7,12,6,1,8,2,3,5,1,5,2,1,3,3,3,2,3,2,2,1,0,1,1,0,0,3,2,0,1,1,1,1,0,0,0,0,0,0,0,0,0,0,0,0,0,0,0,0,0,0,0,0,0,0,0,0,0,0,0,0,0],"p":[1,5,11,10,9,9,12,14,9,10,9,9,17,6,13,5,6,5,4,2,2,2,2,3,1,1,1,6,0,1,0,2,1,2,2,0,0,0,0,0,2,0,0,0,0,0,1,0,0,0,0,0,0,0,0,0,0,0,0,0,0,0,0,0,0,0,0,0,0,0,0,0,0,0],"N":[3.26984,0,4.74825,6.53968,2.99793,1.08995,3.71061,0.6261,2.84955,0.97853,0.94829,0.95141,4.56891,2.10654,4.88832,1.54254,0,2.85953,1.02866,2.44773,1.83086,0.20262,2.34934,1.11805,0.91543,2.03348,1.11805,2.03348,0.28379,2.03348,0.56757,0.40524,5.18791,0,0.9068,0.9068,0,0,4.81666,4.44639,0,0,0.9068,1.27708,3.69347,0,0,0,0,0,0,0,0,0,0,0,0,0,0,0,0,0,0,0,0,0,0,0,0,0,0,0,0,0],"P":[0.84955,3.38536,9.15209,7.94164,5.3471,7.22636,10.39178,3.96612,1.93354,3.35519,2.39527,3.35659,4.28819,2.30261,3.85827,1.94296,1.57029,2.81334,2.75373,0.39229,1.70505,0.88701,1.04867,2.39592,0.85253,0.85253,0.22128,1.72186,0,0.22128,0,2.99661,2.16889,2.02534,1.9825,0,0,0,0,0,3.16014,0,0,0,0,0,0.99125,0,0,0,0,0,0,0,0,0,0,0,0,0,0,0,0,0,0,0,0,0,0,0,0,0,0,0]},{"s":"Fraction of trans assigned male at birth","c":[1,0.54902,0],"l":[52.33888,80.46875],"n":[1,5,11,10,10,11,12,16,9,11,10,10,19,7,15,6,7,8,5,3,5,2,3,3,1,1,2,6,1,1,0,2,1,2,2,0,0,0,1,0,2,1,0,0,0,0,1,0,0,0,0,0,0,0,0,0,0,0,0,0,0,0,0,0,0,0,0,0,0,0,0,0,0,0],"p":[3,0,4,6,4,1,3,4,8,6,5,4,11,6,10,5,0,5,1,2,2,1,4,2,1,3,2,3,1,3,2,2,1,0,1,1,0,0,2,2,0,0,1,1,1,0,0,0,0,0,0,0,0,0,0,0,0,0,0,0,0,0,0,0,0,0,0,0,0,0,0,0,0,0],"N":[0.84955,3.38536,9.15209,7.94164,5.3471,7.22636,10.39178,3.96612,1.93354,3.35519,2.39527,3.35659,4.28819,2.30261,3.85827,1.94296,1.57029,2.81334,2.75373,0.39229,1.70505,0.88701,1.04867,2.39592,0.85253,0.85253,0.22128,1.72186,0,0.22128,0,2.99661,2.16889,2.02534,1.9825,0,0,0,0,0,3.16014,0,0,0,0,0,0.99125,0,0,0,0,0,0,0,0,0,0,0,0,0,0,0,0,0,0,0,0,0,0,0,0,0,0,0],"P":[3.26984,0,4.74825,6.53968,2.99793,1.08995,3.71061,0.6261,2.84955,0.97853,0.94829,0.95141,4.56891,2.10654,4.88832,1.54254,0,2.85953,1.02866,2.44773,1.83086,0.20262,2.34934,1.11805,0.91543,2.03348,1.11805,2.03348,0.28379,2.03348,0.56757,0.40524,5.18791,0,0.9068,0.9068,0,0,4.81666,4.44639,0,0,0.9068,1.27708,3.69347,0,0,0,0,0,0,0,0,0,0,0,0,0,0,0,0,0,0,0,0,0,0,0,0,0,0,0,0,0]}]}