{"name":"URChildren","val":"Number of children","seq":[{"i":[{"0":[0,1,2,3]}],"y":[0,6],"t":[1,1,1,1,1,1,1]},{"i":[{"0":[0]}],"y":[0,3],"t":[1,1,1,1,0,0,0]},{"i":[{"1":[0]},{"2":[0]}],"y":[0,3.5],"t":[1,1,1,1,0,0,0]}],"type":"AgeAvg","bins":[18,20,23,30,37,44,56,71,90],"xt":[20,25,30,35,40,45,50,55,60,65,70,75,80],"yt":[0,1,2,3,4,5,6],"z":[0.31818,0.46606,0.68269,0.9545],"series":[{"s":"Average born to AFAB","c":[0,0,0],"l":[52.29962,2.09549],"v":{"0.5593033517757238":{"0":{"29":31,"26":31,"31":39,"34":24,"27":47,"28":38,"30":38,"33":38,"32":29,"25":39},"3":{"31":2,"28":4,"33":4,"32":3,"26":1,"34":3,"30":4,"25":1},"1":{"30":17,"25":38,"34":14,"28":13,"31":14,"29":4,"32":12,"26":7,"27":5,"33":15},"2":{"33":11,"34":14,"30":14,"25":17,"29":7,"31":8,"32":9,"26":7,"28":5,"27":4},"4":{"31":1,"30":2,"32":2,"28":2,"34":2},"5":{"25":1,"30":1},"6":{"33":1,"32":1}},"0.5435130043859786":{"0":{"27":19,"26":19,"33":12,"32":14,"31":15,"28":21,"30":11,"29":12,"25":19,"34":10},"1":{"26":6,"33":9,"32":12,"28":5,"25":23,"30":14,"31":5,"27":3,"34":5,"29":5},"3":{"34":7,"33":6,"31":6,"25":1,"27":5,"28":3,"29":2,"32":3,"26":1},"2":{"25":14,"27":8,"32":12,"34":11,"33":9,"29":9,"26":4,"30":9,"31":12,"28":6},"4":{"31":4,"29":1,"34":1,"32":3,"27":1,"33":2},"5":{"34":1,"28":1},"6":{"33":1}},"0.8176538420455598":{"0":{"48":8,"36":20,"37":25,"43":16,"42":8,"49":6,"39":12,"38":20,"40":14,"47":6,"41":12,"35":26,"46":6,"44":7,"45":4},"2":{"40":22,"46":8,"45":10,"43":9,"42":5,"38":11,"36":8,"35":15,"47":6,"44":13,"39":12,"41":6,"49":7,"37":12,"48":3},"1":{"35":16,"40":10,"48":8,"37":9,"47":5,"45":7,"41":12,"44":5,"38":15,"36":14,"39":7,"49":5,"43":11,"46":6,"42":7},"3":{"37":6,"41":7,"42":8,"39":8,"49":2,"40":5,"44":4,"45":4,"46":5,"36":6,"48":5,"38":5,"35":5,"47":3,"43":1},"7":{"36":1,"35":1},"5":{"44":1,"40":1,"43":1,"38":1,"46":1,"49":1,"42":2},"4":{"49":3,"41":1,"44":2,"40":3,"36":2,"37":2,"46":2,"43":3,"35":1,"38":2,"39":3,"48":2},"8":{"36":1,"41":1,"35":1},"10":{"47":1},"6":{"47":1,"38":1,"48":1,"37":1},"9":{"44":1}},"1.3601661780508867":{"0":{"23":6,"22":11,"24":3,"21":4,"20":3,"19":1,"18":1},"3":{"23":1}},"0.10337000947217265":{"2":{"48":6,"43":3,"36":6,"47":1,"38":7,"40":11,"45":4,"35":7,"41":5,"39":5,"44":4,"37":4,"46":3,"49":3,"42":3},"1":{"37":4,"39":2,"35":4,"41":7,"36":5,"44":3,"49":2,"40":2,"45":2,"46":2,"38":2,"42":4,"43":1},"4":{"43":1,"36":1,"44":1,"40":1,"37":1,"47":1,"38":1},"0":{"36":4,"45":3,"40":2,"43":1,"41":1,"38":1,"42":1,"35":1,"39":1,"49":1},"3":{"48":1,"45":3,"36":2,"44":1,"40":2,"49":1,"46":1,"47":2,"43":1,"37":1},"9":{"45":1},"8":{"45":1},"5":{"38":1}},"1.8501938158982272":{"0":{"24":12,"22":12,"21":15,"23":13,"19":2,"20":4},"2":{"23":2,"20":1,"24":3},"1":{"24":4,"21":1,"20":1,"19":2,"23":1,"22":2}},"1.4223070063528107":{"2":{"23":1,"24":3,"22":1},"0":{"21":31,"24":37,"22":33,"19":7,"23":19,"18":5,"20":10},"1":{"21":3,"24":11,"23":2},"3":{"24":1}},"0.6646235664976787":{"0":{"40":5,"48":2,"39":13,"47":6,"45":6,"37":7,"43":7,"36":13,"42":3,"35":10,"46":5,"38":8,"41":7,"44":6,"49":3},"1":{"36":7,"37":10,"48":2,"47":6,"39":9,"40":8,"45":1,"41":3,"49":5,"44":3,"43":7,"38":7,"46":5,"35":9,"42":2},"2":{"44":11,"43":13,"49":8,"36":12,"46":5,"42":12,"45":5,"41":8,"37":9,"35":9,"47":8,"39":11,"40":9,"38":10,"48":3},"3":{"44":7,"38":6,"40":8,"45":2,"37":6,"48":2,"49":4,"42":3,"39":6,"41":3,"43":4,"47":7,"35":3,"46":1,"36":4},"9":{"41":1,"42":1},"4":{"35":3,"46":2,"37":4,"42":2,"49":5,"39":1,"36":4,"44":3,"40":1,"38":2,"47":2,"48":1,"45":2,"41":1,"43":1},"6":{"41":1},"7":{"45":2,"35":1},"5":{"41":1,"44":1,"36":2,"47":1,"35":1,"45":1,"38":1},"8":{"49":1,"40":1}},"2.5229665883315278":{"0":{"35":1,"47":1,"43":3,"38":1,"46":1},"2":{"46":1,"47":1,"45":1,"49":1,"37":1},"5":{"44":1},"3":{"39":1},"1":{"35":1,"42":1,"39":1,"40":1},"4":{"39":1,"36":1}},"0.0":{"0":{"29":4,"44":1,"65":1,"38":2,"26":4,"54":2,"36":2,"40":1,"25":5,"27":6,"28":1,"45":1,"46":1,"22":3,"31":2,"24":3,"23":3,"30":3,"52":1,"35":1,"50":1,"49":1,"21":1},"2":{"30":13,"61":1,"28":7,"36":5,"33":4,"29":5,"39":3,"35":6,"37":5,"48":2,"32":12,"25":7,"57":1,"31":4,"24":1,"47":2,"50":1,"45":2,"21":2,"49":2,"52":2,"54":1,"34":3,"60":2,"40":4,"26":3,"55":1,"27":2,"56":1,"67":1,"46":1,"53":1,"42":1,"43":1,"38":1,"58":1},"5":{"35":1,"28":1,"49":1},"4":{"49":1,"43":1,"39":1,"50":1,"47":1,"29":1},"1":{"29":4,"32":9,"26":6,"25":13,"69":1,"59":1,"36":4,"40":3,"43":1,"33":1,"51":1,"38":2,"44":1,"30":11,"94":1,"35":5,"50":1,"31":3,"52":2,"37":2,"28":3,"42":2,"46":3,"47":2,"68":1,"56":1,"34":1,"48":1,"39":1,"23":2,"62":1,"49":1,"27":1,"61":1},"12":{"43":1},"3":{"56":1,"33":2,"43":1,"36":1,"48":1,"35":2,"37":1,"30":1,"39":1,"32":1,"38":1,"45":1,"46":1},"8":{"41":1},"17":{"48":1}},"2.2067925705465066":{"2":{"57":6,"52":8,"65":4,"51":5,"59":5,"54":6,"55":5,"64":2,"75":2,"71":2,"70":3,"50":7,"53":4,"61":2,"60":5,"62":5,"73":2,"67":4,"56":5,"58":2,"69":1,"66":2,"74":1},"0":{"52":1,"61":1,"51":6,"63":5,"56":5,"66":3,"54":3,"57":2,"60":4,"62":3,"69":1,"55":2,"71":1,"65":2,"64":2,"53":3,"58":3,"50":2,"70":1,"78":1},"3":{"60":4,"63":3,"61":3,"59":4,"58":3,"51":4,"55":5,"67":2,"73":1,"62":6,"66":2,"69":1,"68":1,"50":3,"74":1,"64":2,"52":4,"84":1,"54":1,"72":1,"56":2},"4":{"52":3,"57":1,"54":1,"66":1,"51":1,"61":3,"55":1,"67":1,"53":2,"50":3},"1":{"50":3,"61":3,"54":2,"69":2,"57":4,"64":3,"56":3,"59":4,"60":1,"68":1,"66":2,"55":1,"67":1,"53":2,"62":2,"70":1,"74":1,"52":1},"6":{"66":1,"70":1},"5":{"68":2,"54":1,"51":1,"50":1,"63":1},"8":{"55":1},"7":{"73":1}},"2.6629948030111694":{"0":{"51":4,"63":9,"50":6,"68":2,"60":10,"57":4,"72":2,"59":7,"71":2,"61":4,"52":5,"73":2,"58":6,"62":5,"55":10,"70":1,"79":1,"56":6,"89":1,"65":3,"66":4,"64":4,"69":3,"53":1,"54":1},"2":{"63":4,"60":7,"71":2,"51":5,"58":8,"50":8,"77":1,"59":8,"78":2,"66":3,"52":7,"54":9,"56":7,"61":2,"53":6,"62":5,"57":7,"65":5,"67":5,"74":2,"70":2,"55":5,"68":1,"64":2},"6":{"60":2,"70":1},"3":{"54":3,"68":2,"59":1,"64":4,"53":4,"67":1,"58":4,"63":5,"72":1,"57":3,"75":1,"69":2,"50":3,"56":2,"60":2,"51":3,"52":1,"62":1,"74":2,"65":1,"71":2,"55":1,"61":1},"1":{"63":3,"53":1,"56":7,"54":4,"75":2,"50":5,"51":7,"66":2,"52":4,"62":3,"60":5,"68":2,"61":4,"70":2,"71":1,"55":4,"69":1,"64":3,"59":2,"58":5,"57":1,"76":1},"4":{"67":2,"59":2,"56":1,"64":2,"66":2,"61":1,"57":1,"69":1,"52":2,"65":1,"54":1,"55":1},"7":{"68":1,"56":1},"5":{"69":1}},"0.3829853352152533":{"0":{"31":3,"25":9,"28":10,"33":4,"27":7,"29":9,"30":4,"26":4,"32":2,"34":2},"1":{"28":3,"30":1,"32":2,"26":2,"33":1},"2":{"32":1,"34":3,"33":1},"3":{"29":1}},"0.6541429380344229":{"0":{"23":5,"20":2,"24":6,"18":2,"21":6,"22":3,"19":2},"1":{"21":1}},"0.10425682992877036":{"1":{"40":9,"35":7,"38":4,"42":9,"46":2,"47":3,"41":5,"36":7,"44":5,"37":5,"49":3,"45":4,"48":3,"43":3,"39":2},"3":{"45":1,"36":2,"48":3,"38":1,"40":2,"42":1,"35":3,"43":1,"39":1,"37":2},"2":{"47":6,"38":12,"37":11,"43":7,"39":9,"36":12,"41":11,"35":21,"48":8,"45":10,"40":5,"46":5,"49":4,"42":7,"44":3},"0":{"37":3,"44":1,"35":4,"40":2,"49":1,"36":4,"45":2,"47":2,"41":3,"46":1,"39":3},"9":{"37":1},"4":{"38":3,"39":1,"35":1},"6":{"44":1,"41":1},"5":{"46":2}},"0.5705901400902726":{"0":{"30":6,"25":7,"31":4,"28":7,"29":5,"32":9,"34":4,"33":5,"26":4,"27":4},"1":{"27":3,"30":4,"26":2,"32":3,"29":2,"31":5,"34":1,"33":1,"28":1},"3":{"34":4,"27":2,"31":2,"29":1,"26":1},"2":{"32":3,"30":4,"31":2,"28":4,"27":1,"29":1},"4":{"32":1,"33":1},"5":{"34":1,"29":1,"31":1}},"0.056783561928466404":{"2":{"29":14,"33":7,"31":11,"28":4,"30":18,"26":3,"34":10,"32":7,"25":22,"27":1},"0":{"28":13,"29":10,"26":11,"31":1,"25":27,"27":7,"32":3,"33":4,"30":6,"34":2},"1":{"26":17,"32":11,"28":7,"25":64,"33":7,"34":6,"30":10,"31":8,"29":5,"27":4},"11":{"32":1},"3":{"34":2,"30":2,"32":1,"25":1,"33":2,"28":1},"4":{"25":2,"33":1,"30":1,"29":1},"7":{"33":1},"6":{"30":1}},"0.6329878959961058":{"2":{"42":3,"43":2,"45":1,"37":2,"48":1,"38":1,"41":2,"40":3,"44":1,"46":1,"47":2},"0":{"44":1,"40":1,"37":2,"35":3,"46":1,"39":1,"36":2,"42":1,"38":1},"1":{"39":2,"46":4,"41":2,"40":5,"38":2,"47":1,