{"name":"URHomoQueer","seq":[{"i":[0],"y":[25,80],"t":[0,0,0,1,1,1,1,1,1,0,0]},{"i":[1,2],"y":[0,100],"t":[1,1,1,1,1,1,1,1,1,1,1]}],"type":"AgeCat","x":[18,92],"bins":[18,25,35,61,82],"xt":[20,25,30,35,40,45,50,55,60,65,70,75],"yt":[0,10,20,30,40,50,60,70,80,90,100],"z":1.64485,"series":[{"s":"\"Homosexual, gay or lesbian\" people who are queer","c":[0,0,0],"l":[50.23744,34.20226],"n":[7,12,12,25,25,26,20,37,31,32,27,31,43,24,33,22,13,32,15,4,15,16,13,12,7,8,11,15,10,6,5,10,6,10,7,8,5,4,4,1,3,6,4,4,2,2,0,2,2,1,0,0,1,0,1,0,0,0,0,0,0,0,0,0,0,0,0,0,0,0,0,0,0,0],"p":[8,10,25,30,30,30,36,33,36,40,38,35,25,30,28,25,24,22,10,3,8,7,6,8,12,10,5,7,5,10,5,4,6,8,3,4,5,6,4,7,5,2,0,2,2,1,1,5,1,0,1,0,0,0,1,0,0,0,0,0,0,0,0,0,0,0,0,0,0,0,0,0,0,0],"N":[5.07993,9.17544,9.41302,22.7231,22.84295,25.44788,14.834,10.34272,14.02034,11.8779,8.353,12.09199,13.15184,8.70676,11.04356,7.78842,4.31095,21.38488,12.10274,1.9641,12.44961,10.41754,10.05714,8.76088,6.87625,4.5796,7.2676,10.99565,7.15739,4.38098,5.84081,7.20826,16.11274,22.20383,16.34824,22.08413,11.41695,9.68023,9.9297,0.9068,4.49912,14.033,10.52513,14.28376,6.14065,4.68471,0,3.63516,6.14065,0.9068,0,0,3.53958,0,2.60107,0,0,0,0,0,0,0,0,0,0,0,0,0,0,0,0,0,0,0],"P":[8.07656,8.19672,23.90705,21.99788,27.72851,27.05704,30.81328,16.00907,12.40308,18.77156,16.24115,15.54753,12.08786,12.00572,11.14639,9.77681,10.19284,15.93494,8.02171,1.9641,5.44331,5.33216,4.37903,5.99474,9.79161,7.18313,3.37426,4.78219,4.28969,8.65657,3.77128,2.25437,16.14451,19.50878,8.30954,13.3737,10.91061,13.55838,9.40194,18.39355,13.0795,2.60107,0,4.76996,6.14065,3.69347,2.60107,13.46928,3.53958,0,3.53958,0,0,0,1.03409,0,0,0,0,0,0,0,0,0,0,0,0,0,0,0,0,0,0,0]},{"s":"\"Homosexual, gay or lesbian\" people who are queer (city)","c":[1,0.27059,0],"l":[52.37312,21.74479],"n":[2,5,7,8,9,10,6,20,14,17,9,17,21,7,17,9,9,18,10,3,7,9,8,6,3,5,4,9,6,1,3,5,3,8,5,6,2,0,1,1,1,4,1,3,2,1,0,0,2,1,0,0,0,0,0,0,0,0,0,0,0,0,0,0,0,0,0,0,0,0,0,0,0,0],"p":[2,4,11,10,8,13,12,14,17,18,22,18,11,16,14,10,12,10,7,1,3,4,3,3,6,7,3,2,2,10,2,2,1,3,1,2,3,3,2,4,3,0,0,1,1,0,1,2,0,0,1,0,0,0,0,0,0,0,0,0,0,0,0,0,0,0,0,0,0,0,0,0,0,0],"N":[0.90435,2.65487,5.1221,5.4133,6.81839,8.41409,4.61436,5.04358,5.17222,6.73324,2.29119,5.63922,5.21624,1.73504,4.19023,3.50657,2.25993,12.24609,7.86131,1.9641,6.05555,6.61174,5.76555,5.00737,1.9641,2.74874,2.81663,6.30257,4.47768,0.20262,1.76796,3.67563,8.74172,18.66425,11.57829,15.94348,3.53958,0,2.60107,0.9068,0.9068,10.58704,3.53958,10.59029,6.14065,0.99125,0,0,6.14065,0.9068,0,0,0,0,0,0,0,0,0,0,0,0,0,0,0,0,0,0,0,0,0,0,0,0],"P":[1.14974,3.39822,9.27151,6.23615,5.88079,10.73523,9.08754,5.32397,6.43101,6.97514,9.393,6.98616,4.65643,6.61022,5.66267,3.12521,3.67219,7.16741,6.10603,0.19615,0.94163,2.81043,1.9012,2.68339,4.6475,5.44359,2.68339,0.94163,1.76796,8.65657,1.76796,1.05515,3.53958,9.68023,3.53958,6.14065,5.20214,6.14065,3.53958,11.4971,8.74172,0,0,2.60107,2.60107,0,2.60107,5.20214,0,0,3.53958,0,0,0,0,0,0,0,0,0,0,0,0,0,0,0,0,0,0,0,0,0,0,0]},{"s":"\"Homosexual, gay or lesbian\" people who are queer (countryside)","c":[0.12549,0.69804,0.66667],"l":[46.28015,87.20186],"n":[2,2,0,3,2,3,2,5,3,4,5,1,5,7,4,3,0,3,0,0,2,2,2,2,2,0,2,2,2,2,1,2,1,0,0,0,2,0,1,0,0,2,1,0,0,0,0,1,0,0,0,0,0,0,0,0,0,0,0,0,0,0,0,0,0,0,0,0,0,0,0,0,0,0],"p":[2,2,0,1,4,2,6,5,3,6,3,5,5,2,3,5,3,3,0,0,1,1,0,1,1,1,0,0,1,0,3,1,3,0,0,0,1,1,1,2,2,0,0,1,0,1,0,1,0,0,0,0,0,0,1,0,0,0,0,0,0,0,0,0,0,0,0,0,0,0,0,0,0,0],"N":[2.18082,2.18082,0,3.67731,2.62112,4.03467,2.18082,2.17543,2.94455,0.88604,2.17543,0.11308,2.24857,3.56739,1.33697,1.6573,0,1.25844,0,0,1.71953,1.38173,1.71953,0.91214,2.85481,0,1.24994,1.38173,0.97465,1.38173,0.69087,0.91214,2.16889,0,0,0,4.33778,0,1.03409,0,0,3.44597,2.16889,0,0,0,0,1.03409,0,0,0,0,0,0,0,0,0,0,0,0,0,0,0,0,0,0,0,0,0,0,0,0,0,0],"P":[2.36619,1.49641,0,1.09041,4.80194,2.83101,6.94854,4.19469,1.29917,3.09617,1.0555,3.34123,2.96484,1.18609,0.62209,2.38129,1.90097,1.94081,0,0,1.02866,0.69087,0,0.69087,0.69087,0.69087,0,0,0.69087,0,2.00332,0.28379,5.37188,0,0,0,2.16889,1.27708,2.16889,3.20299,4.33778,0,0,2.16889,0,3.69347,0,1.03409,0,0,0,0,0,0,1.03409,0,0,0,0,0,0,0,0,0,0,0,0,0,0,0,0,0,0,0]}]}