{"name":"URHomo","seq":[{"i":[0],"y":[0,11],"t":[1,1,1,1,1,1,0]},{"i":[1,2],"y":[0,12],"t":[1,1,1,1,1,1,1]}],"type":"AgeCat","x":[18,92],"bins":[18,25,35,61,82],"xt":[20,25,30,35,40,45,50,55,60,65,70,75],"yt":[0,2,4,6,8,10,12],"z":1.64485,"series":[{"s":"\"Homosexual, gay or lesbian\"","c":[0,0,0],"l":[48.85553,2.89388],"n":[103,172,254,364,430,448,530,755,624,713,804,801,921,731,802,767,600,711,451,249,504,476,548,363,359,330,288,339,255,279,258,241,248,211,184,189,210,200,132,162,167,127,114,121,94,81,94,83,77,68,42,53,39,29,24,21,9,13,6,6,9,1,2,1,3,1,1,0,0,0,0,0,0,1],"p":[15,22,37,55,55,56,56,70,67,72,65,66,68,54,61,47,37,54,25,7,23,23,19,20,19,18,16,22,15,16,10,14,12,18,10,12,10,10,8,8,8,8,4,6,4,3,1,7,3,1,1,0,1,0,2,0,0,0,0,0,0,0,0,0,0,0,0,0,0,0,0,0,0,0],"N":[89.72088,144.44865,228.12953,324.66897,392.71944,385.92624,464.75239,278.95772,264.4634,298.97459,335.84562,347.62084,370.16283,310.17978,347.108,327.88226,274.20829,531.2412,349.21308,196.06689,397.96339,366.27836,433.80627,278.6298,283.96692,267.7838,229.32749,261.50563,189.19135,224.24351,195.60037,189.5903,756.84596,671.87803,534.97547,541.98677,611.6116,595.55782,383.85681,456.93547,499.3478,371.8857,273.09939,356.82326,268.73738,263.65723,254.68458,224.29194,210.26894,164.17635,111.60066,156.34372,106.08117,80.94344,64.16113,73.22528,26.27086,53.29218,21.69914,16.50539,26.95953,3.69347,4.76996,3.53958,8.46342,0.99125,3.53958,0,0,0,0,0,0,2.60107],"P":[13.15648,17.37216,33.32007,44.72097,50.57147,52.50492,45.64728,26.35179,26.42342,30.64946,24.59415,27.63952,25.2397,20.71247,22.18995,17.56523,14.50379,37.31982,20.12445,3.92821,17.89292,15.74969,14.43617,14.75563,16.66786,11.76273,10.64185,15.77784,11.44708,13.03755,9.61209,9.46263,32.25725,41.71261,24.65778,35.45783,22.32755,23.23861,19.33163,19.30035,17.57862,16.63407,10.52513,19.05372,12.2813,8.37818,2.60107,17.10444,9.68023,0.9068,3.53958,0,3.53958,0,3.63516,0,0,0,0,0,0,0,0,0,0,0,0,0,0,0,0,0,0,0]},{"s":"\"Homosexual, gay or lesbian\" (city)","c":[1,0.27059,0],"l":[48.00754,8.51562],"n":[42,53,97,143,176,213,252,362,270,301,365,368,436,288,366,304,225,292,170,94,200,163,234,145,119,114,103,146,87,98,94,94,74,79,70,65,68,64,51,52,49,39,46,35,25,28,32,28,23,22,16,13,13,7,13,2,5,3,2,2,5,0,1,1,1,1,1,0,0,0,0,0,0,0],"p":[4,9,18,18,17,23,18,34,31,35,31,35,32,23,31,19,21,28,17,4,10,13,11,9,9,12,7,11,8,11,5,7,4,11,6,8,5,3,3,5,4,4,1,4,3,1,1,2,2,1,1,0,0,0,0,0,0,0,0,0,0,0,0,0,0,0,0,0,0,0,0,0,0,0],"N":[27.26349,35.22057,75.86631,105.38602,136.29087,158.99287,192.24371,112.87432,105.18157,118.88405,133.76492,131.72707,151.61853,104.61367,140.27427,115.10128,89.65074,200.42858,130.25789,65.69919,148.82727,112.63319,177.8518,108.81604,91.00275,86.70846,73.66217,106.20018,61.2575,78.8064,62.99971,71.19291,229.14978,242.80445,190.34088,187.25057,171.1555,200.17011,145.70389,150.15454,122.4361,115.90212,105.1532,102.04976,77.63805,94.55649,89.3194,81.27568,73.89581,59.21953,45.37114,38.64654,40.6499,20.99456,36.62942,3.59232,15.79243,8.74172,7.07916,5.20214,16.7594,0,2.60107,3.53958,2.60107,0.99125,3.53958,0,0,0,0,0,0,0],"P":[2.05409,6.05309,14.39361,11.64945,12.69918,19.14932,13.7019,10.36756,11.60323,13.70838,11.68419,12.62538,9.87267,8.34525,9.8529,6.63179,5.93212,19.4135,13.96734,2.16025,6.99719,9.42216,7.66675,7.69076,6.6116,8.19233,5.50002,7.2442,6.24564,8.85919,3.53592,4.73078,12.2813,28.34448,15.11787,22.08413,8.74172,6.14065,6.14065,12.4039,9.64852,10.58704,3.53958,13.19136,8.74172,0.99125,2.60107,5.20214,6.14065,0.9068,3.53958,0,0,0,0,0,0,0,0,0,0,0,0,0,0,0,0,0,0,0,0,0,0,0]},{"s":"\"Homosexual, gay or lesbian\" (countryside)","c":[0.12549,0.69804,0.66667],"l":[48.03894,0.95293],"n":[9,18,28,39,50,46,60,96,85,119,106,111,128,100,111,134,103,119,77,38,87,80,82,63,66,65,52,61,52,53,35,46,45,30,29,38,46,49,27,26,40,23,24,28,27,13,22,23,16,17,9,14,9,9,3,5,1,0,3,0,3,1,1,0,1,0,0,0,0,0,0,0,0,0],"p":[4,4,0,4,6,5,8,10,6,10,8,6,10,9,7,8,3,6,0,0,3,3,2,3,3,1,2,2,3,2,4,3,4,0,0,0,3,1,2,2,2,2,1,1,0,1,0,2,0,0,0,0,0,0,1,0,0,0,0,0,0,0,0,0,0,0,0,0,0,0,0,0,0,0],"N":[14.01667,27.58761,36.6522,48.20204,66.62857,54.29605,72.77343,44.05499,44.60641,52.10268,53.80422,65.51528,67.20753,50.36144,57.08919,66.94563,55.98459,86.69432,60.44749,30.17731,66.70117,65.63017,63.52145,51.06749,56.98451,51.53164,39.76453,41.96337,39.65013,40.77438,24.24594,37.13463,101.85312,80.83298,68.23505,103.81639,152.31117,147.54249,77.48771,74.20849,123.30737,61.52015,52.42005,67.20095,76.93832,35.81846,56.36101,54.59346,39.01693,40.94283,26.25108,55.06614,22.06713,24.09374,8.66401,13.8936,2.16889,0,11.0804,0,8.03125,3.69347,2.16889,0,2.16889,0,0,0,0,0,0,0,0,0],"P":[4.54701,3.67723,0,4.76772,7.42306,6.86568,9.12936,6.37011,4.24372,3.98222,3.23093,3.45431,5.2134,4.75348,1.95906,4.0386,1.90097,3.19925,0,0,2.7482,2.0726,1.71953,1.60301,3.54568,0.69087,1.24994,1.38173,1.66552,1.38173,2.69418,1.19593,7.54077,0,0,0,6.50667,1.27708,3.20299,3.20299,4.33778,3.44597,2.16889,2.16889,0,3.69347,0,2.06819,0,0,0,0,0,0,1.03409,0,0,0,0,0,0,0,0,0,0,0,0,0,0,0,0,0,0,0]}]}