{"name":"URIntersexMB","seq":[{"i":[0],"y":[0,3],"t":[1,1,1,1,0,0,0]},{"i":[1,2],"y":[0,6],"t":[1,1,1,1,1,1,1]}],"type":"AgeCat","x":[18,92],"bins":[18,25,30,54,82],"xt":[20,25,30,35,40,45,50,55,60,65,70,75],"yt":[0,1,2,3,4,5,6],"z":1.64485,"series":[{"s":"Intersex if assigned male at birth","c":[0,0,0],"l":[44.51633,1.01114],"n":[63,94,132,158,225,209,250,332,284,335,404,386,468,350,390,368,307,357,213,119,230,224,265,150,164,151,110,134,115,115,105,103,98,103,69,75,86,78,60,55,57,41,39,36,35,34,37,30,32,23,14,19,11,11,8,7,2,5,6,1,5,1,0,1,1,0,1,0,0,0,0,0,0,0],"p":[0,0,0,0,0,1,5,12,4,7,14,26,22,12,17,11,6,16,3,5,3,2,12,8,5,4,3,6,2,5,7,3,2,5,3,3,2,2,4,3,0,2,1,2,0,1,1,0,1,1,0,1,0,0,0,0,0,0,0,0,0,0,0,0,0,0,0,0,0,0,0,0,0,0],"N":[61.64621,88.57361,139.71766,167.07601,239.84593,218.50926,254.53299,141.85434,137.81135,153.49194,184.37602,189.02679,207.20643,167.1375,187.96484,175.26025,156.48761,301.27832,191.93328,103.89122,219.18276,190.15199,240.66206,132.00396,142.17836,137.50184,94.15195,123.35032,96.96855,102.83168,95.38295,93.17445,411.19126,420.70046,219.88752,237.13887,314.43088,279.54896,220.28685,179.44491,213.44334,159.65881,114.51946,123.60092,118.58258,152.64152,128.06342,104.26295,112.38411,66.9698,48.36883,86.03726,37.28843,36.16524,22.97622,34.12893,7.07916,26.89588,21.69914,3.69347,17.85179,3.69347,0,3.53958,3.69347,0,3.53958,0,0,0,0,0,0,0],"P":[0,0,0,0,0,0.26835,3.10457,1.66063,0.17131,1.69341,3.64637,4.15735,3.62575,1.76394,3.03716,1.97082,1.56651,7.0097,0.60786,2.43872,0.77019,0.48641,3.42863,3.63794,5.80601,2.2361,1.32067,2.83574,0.40524,1.80708,2.29349,0.85136,6.46499,5.27457,3.09069,7.00152,1.81361,0.9068,3.99749,5.50708,0,13.70686,0.9068,4.44639,0,0.9068,3.53958,0,1.27708,1.27708,0,0.9068,0,0,0,0,0,0,0,0,0,0,0,0,0,0,0,0,0,0,0,0,0,0]},{"s":"Intersex if assigned male at birth (city)","c":[1,0.27059,0],"l":[51.81847,4.01042],"n":[25,29,47,61,91,101,113,162,134,160,203,194,234,146,189,150,120,146,85,48,92,88,112,62,58,53,44,61,42,47,37,50,31,38,32,31,26,30,25,21,17,16,17,15,13,11,11,11,11,11,5,6,2,1,3,0,1,1,2,0,4,0,0,1,0,0,1,0,0,0,0,0,0,0],"p":[0,0,0,0,0,1,4,6,2,3,8,18,19,4,13,8,1,9,3,5,0,1,4,6,2,4,2,3,1,4,5,0,1,3,2,2,2,1,3,2,0,1,1,2,0,1,1,0,0,0,0,1,0,0,0,0,0,0,0,0,0,0,0,0,0,0,0,0,0,0,0,0,0,0],"N":[17.95217,20.88528,42.71021,52.28049,80.85094,88.44159,102.5318,55.70088,57.86283,66.38156,77.05374,76.8641,89.07808,57.37972,75.15482,62.32676,49.98054,104.22043,73.15189,35.60861,81.12449,66.00557,95.27069,54.52436,48.54754,42.1842,33.23975,53.63451,34.68292,40.90625,26.16281,38.77624,112.36724,141.43284,104.39126,88.67224,67.34969,119.36618,95.73884,71.70586,47.00901,47.75053,44.37623,53.09373,42.40476,51.45025,42.56005,35.31818,46.84115,31.03707,17.69791,22.88582,7.07916,3.53958,10.61875,0,3.53958,3.53958,7.07916,0,14.15833,0,0,3.53958,0,0,3.53958,0,0,0,0,0,0,0],"P":[0,0,0,0,0,0.26835,1.57386,1.10191,0.17131,0.67678,2.43446,2.54959,3.47488,0.51078,1.86965,1.10506,0.25381,4.3848,0.60786,2.43872,0,0.20262,1.52329,3.35416,1.58473,2.2361,1.11805,0.60786,0.20262,1.52329,1.72591,0,5.18791,2.72041,1.81361,6.09471,1.81361,0.9068,2.72041,1.81361,0,12.42978,0.9068,4.44639,0,0.9068,3.53958,0,0,0,0,0.9068,0,0,0,0,0,0,0,0,0,0,0,0,0,0,0,0,0,0,0,0,0,0]},{"s":"Intersex if assigned male at birth (countryside)","c":[0.12549,0.69804,0.66667],"l":[44.37029,0.63712],"n":[8,11,12,17,26,21,20,37,31,41,48,42,55,40,43,50,42,45,36,14,37,26,33,23,26,24,12,14,21,14,14,17,8,14,8,9,17,16,14,5,12,5,7,9,8,6,8,6,5,5,6,3,4,3,3,2,0,0,3,0,1,1,0,0,0,0,0,0,0,0,0,0,0,0],"p":[0,0,0,0,0,0,1,1,0,3,1,1,1,1,4,1,0,3,0,0,1,0,3,1,3,0,0,1,0,1,2,2,0,1,1,0,0,0,0,0,0,1,0,0,0,0,0,0,1,0,0,0,0,0,0,0,0,0,0,0,0,0,0,0,0,0,0,0,0,0,0,0,0,0],"N":[13.1062,19.9493,19.92427,25.32685,38.73857,29.84159,31.47473,22.62254,21.42841,25.19319,29.15377,31.66812,36.72466,26.17032,28.48382,34.9267,29.94052,45.15622,34.83322,15.18211,39.78773,27.17161,31.82999,23.0331,23.76577,21.70844,12.34398,12.91155,19.36733,16.00975,11.42179,18.62258,29.54773,49.29213,24.71495,30.8248,79.21888,54.26267,49.29213,18.46733,67.01691,18.46733,21.02148,25.99202,29.54773,22.16079,27.13134,22.16079,16.05094,16.05094,19.74441,32.34314,12.35747,11.0804,8.66401,7.38693,0,0,11.0804,0,3.69347,3.69347,0,0,0,0,0,0,0,0,0,0,0,0],"P":[0,0,0,0,0,0,1.53071,0.15088,0,1.01663,0.15088,0.71488,0.15088,0.15088,1.16751,0.15088,0,1.59624,0,0,0.28379,0,0.85136,0.28379,4.22127,0,0,1.02866,0,0.28379,0.56757,0.56757,0,1.27708,1.27708,0,0,0,0,0,0,1.27708,0,0,0,0,0,0,1.27708,0,0,0,0,0,0,0,0,0,0,0,0,0,0,0,0,0,0,0,0,0,0,0,0,0]}]}