{"name":"URIntersexFB","seq":[{"i":[0],"y":[0,4],"t":[1,1,1,1,1,1,1]},{"i":[1,2],"y":[0,6],"t":[1,1,1,1,1,1,1]}],"type":"AgeCat","x":[18,92],"bins":[18,25,30,54,82],"xt":[20,25,30,35,40,45,50,55,60,65,70,75],"yt":[0,1,2,3,4,5,6],"z":1.64485,"series":[{"s":"Intersex if assigned female at birth","c":[0,0,0],"l":[44.31187,2.64844],"n":[55,100,157,254,255,282,319,430,381,406,422,421,460,401,434,424,304,364,245,128,272,259,277,214,198,185,181,210,146,164,150,140,153,114,118,119,127,124,73,105,115,86,75,86,63,46,56,57,47,44,29,31,29,18,18,14,7,8,0,5,4,0,2,0,2,0,0,0,0,0,0,0,0,1],"p":[0,0,1,3,4,4,2,33,14,26,16,19,19,8,10,4,11,15,9,1,9,6,5,1,2,2,7,7,4,8,3,6,5,4,2,3,1,1,0,3,1,2,0,0,0,1,0,2,0,0,0,0,0,0,0,0,0,0,0,0,0,0,0,0,0,1,0,0,0,0,0,0,0,0],"N":[41.23115,73.24721,121.32595,200.10225,200.38373,216.5923,252.21866,156.25604,150.17025,169.65308,169.25166,178.8086,180.5012,160.92041,175.27887,167.94868,128.67676,252.98868,171.71046,93.46901,193.48818,189.6678,202.01991,156.99804,151.76339,138.84183,141.92868,149.12478,102.48006,126.64254,106.29121,101.1454,363.14255,280.43098,334.67256,324.00042,316.66056,336.17177,178.90411,287.13244,302.49184,213.12876,168.19826,247.82967,162.43609,117.49584,125.68264,133.49826,106.28799,96.83628,66.77141,69.39966,72.33232,44.7782,44.82007,39.09636,19.1917,26.3963,0,12.81192,9.10774,0,4.76996,0,4.76996,0,0,0,0,0,0,0,0,2.60107],"P":[0,0,0.406,2.21169,3.06124,3.06124,0.54345,5.5385,2.73391,4.7856,3.16572,3.26761,4.06914,1.07039,3.01709,0.26773,1.9812,7.28432,5.08593,0.19615,2.41518,1.72186,2.13183,0.74549,0.88701,0.96676,2.56805,1.97262,0.78458,5.99976,1.24482,3.88172,8.30442,7.18463,1.9825,9.3038,1.03409,2.16889,0,4.15139,0.99125,2.02534,0,0,0,0.99125,0,3.63516,0,0,0,0,0,0,0,0,0,0,0,0,0,0,0,0,0,0.99125,0,0,0,0,0,0,0,0]},{"s":"Intersex if assigned female at birth (city)","c":[1,0.27059,0],"l":[42.79303,4.98568],"n":[21,33,68,97,101,127,147,195,150,159,164,170,186,150,183,156,116,155,92,43,105,79,121,79,64,67,59,84,47,52,52,48,43,42,38,37,43,32,23,30,34,25,28,22,15,14,20,18,14,11,12,5,11,6,10,2,4,2,0,2,1,0,1,0,1,0,0,0,0,0,0,0,0,0],"p":[0,0,0,1,1,2,2,22,10,12,14,12,14,4,9,3,4,6,5,1,5,3,4,1,1,1,4,5,4,5,3,1,2,4,2,3,0,0,0,2,1,0,0,0,0,1,0,1,0,0,0,0,0,0,0,0,0,0,0,0,0,0,0,0,0,1,0,0,0,0,0,0,0,0],"N":[11.36541,20.38838,47.54971,64.48325,67.86739,88.31098,101.29651,62.89338,57.17754,63.01622,62.90827,62.51538,66.0299,54.33726,70.19868,58.03351,44.61735,107.43445,68.17199,29.61596,73.1699,55.25873,87.2836,57.8828,47.28592,49.735,43.36977,57.67194,31.83302,42.29252,37.40208,36.29492,118.67379,119.81105,97.27138,105.26394,110.73392,86.03777,53.38528,87.05647,84.08436,66.30885,63.40974,57.70101,43.97501,42.19943,45.82084,48.55857,33.19531,29.08926,31.21281,14.85391,33.57074,17.45498,26.01068,3.59232,12.25285,5.20214,0,5.20214,2.60107,0,2.60107,0,2.60107,0,0,0,0,0,0,0,0,0],"P":[0,0,0,0.27172,0.27172,1.12128,0.54345,3.54571,1.57311,2.51787,3.05264,2.42337,2.90835,0.73116,2.90401,0.26773,0.73116,3.8024,2.29349,0.19615,1.53007,0.58844,1.44096,0.74549,0.19615,0.74549,1.43462,1.53007,0.78458,2.94353,1.24482,0.85253,5.20214,7.18463,1.9825,9.3038,0,0,0,1.9825,0.99125,0,0,0,0,0.99125,0,2.60107,0,0,0,0,0,0,0,0,0,0,0,0,0,0,0,0,0,0.99125,0,0,0,0,0,0,0,0]},{"s":"Intersex if assigned female at birth (countryside)","c":[0.12549,0.69804,0.66667],"l":[44.01979,0.44661],"n":[5,11,15,26,30,30,45,62,58,71,61,73,76,64,64,90,60,69,38,23,47,54,46,41,40,41,40,46,33,36,23,27,38,15,20,29,31,34,15,22,29,18,16,20,19,8,14,17,10,12,3,11,5,6,1,3,1,0,0,0,2,0,1,0,1,0,0,0,0,0,0,0,0,0],"p":[0,0,1,0,0,0,0,3,2,10,0,1,2,2,1,0,2,5,1,0,3,3,1,0,0,1,2,2,0,2,0,2,3,0,0,0,0,0,0,0,0,0,0,0,0,0,0,1,0,0,0,0,0,0,0,0,0,0,0,0,0,0,0,0,0,0,0,0,0,0,0,0,0,0],"N":[5.45749,11.31554,16.32193,27.64291,35.31307,31.32014,48.89735,26.95432,27.19556,28.7443,27.7305,36.47352,35.31924,28.56757,29.28384,35.90666,27.36074,40.62596,23.4354,14.99521,28.71402,39.39774,31.86877,29.35361,32.54315,30.29279,27.75835,28.96233,21.94832,24.95044,14.95076,16.77504,76.74387,30.26377,42.24302,72.99159,79.59896,94.5569,31.39857,58.94415,60.62824,45.22171,33.56746,43.37782,47.3906,17.35113,29.22968,33.46676,21.68891,24.89189,6.50667,22.723,9.70966,13.01335,1.03409,6.50667,2.16889,0,0,0,4.33778,0,2.16889,0,2.16889,0,0,0,0,0,0,0,0,0],"P":[0,0,0.406,0,0,0,0,0.69737,0.22615,1.13077,0,0.11308,0.22615,0.22615,0.11308,0,0.58429,2.51515,2.17887,0,0.66383,1.13342,0.69087,0,0,0.22128,0.91214,0.44255,0,0.91214,0,2.36536,3.10228,0,0,0,0,0,0,0,0,0,0,0,0,0,0,1.03409,0,0,0,0,0,0,0,0,0,0,0,0,0,0,0,0,0,0,0,0,0,0,0,0,0,0]}]}