{"name":"URMarried","seq":[{"i":[0],"y":[0,100],"t":[1,1,1,1,1,1,1,1,1,1,1]},{"i":[1,2],"y":[0,100],"t":[1,1,1,1,1,1,1,1,1,1,1]}],"type":"AgeCat","x":[18,92],"bins":[18,21,25,32,40,53,69,82],"xt":[20,25,30,35,40,45,50,55,60,65,70,75],"yt":[0,10,20,30,40,50,60,70,80,90,100],"z":1.64485,"series":[{"s":"Married","c":[0,0,0],"l":[49.92714,61.19792],"n":[117,192,278,385,439,447,472,562,497,547,564,485,468,390,393,360,300,303,221,109,205,198,209,149,174,126,110,130,99,113,106,99,117,93,87,76,86,88,55,79,66,58,38,48,45,37,38,46,34,26,21,28,22,15,12,8,9,9,2,6,6,0,2,0,2,0,1,0,0,0,0,0,0,0],"p":[1,2,13,34,46,57,114,263,194,238,305,382,521,395,470,454,337,462,255,147,322,301,358,234,204,222,194,231,171,182,162,156,143,136,107,125,134,122,85,91,109,77,80,79,53,47,57,44,46,43,22,25,18,14,14,13,0,4,4,0,3,1,0,1,1,1,0,0,0,0,0,0,0,1],"N":[101.78695,160.43021,245.73364,338.12798,394.638,386.55666,416.55661,224.8601,216.21457,240.92147,245.59116,224.36645,213.72094,173.77925,187.95369,171.16427,146.40625,252.65582,187.70933,91.32328,176.90496,154.13997,182.43917,125.29931,142.21939,111.30276,94.94998,110.48738,78.03562,98.34147,88.87828,79.74324,356.10665,322.22725,290.85007,231.38327,282.89256,299.79112,189.28327,252.92705,175.17779,164.0022,102.30586,136.20747,136.72046,118.62932,101.65829,122.65318,100.94671,65.45031,54.86081,68.33521,55.75927,40.0903,30.15218,24.78648,26.27086,31.02828,7.23305,16.50539,16.1869,0,4.76996,0,4.76996,0,3.53958,0,0,0,0,0,0,0],"P":[1.09041,1.3906,15.71597,31.26196,48.6529,51.8745,93.84305,80.4494,74.67226,88.70257,114.84861,150.8939,181.68159,157.113,181.34426,174.28321,142.30583,315.9052,181.62821,108.67181,238.95135,227.88808,265.80326,168.08612,158.41539,168.24377,145.01937,166.79609,122.60281,138.93959,116.33417,119.30969,432.99657,391.36339,268.78319,346.06133,351.04659,319.0053,213.90518,223.30877,341.74864,224.51757,181.31866,239.66951,144.29822,153.40609,155.62736,118.74319,119.00247,99.63284,60.27943,88.00851,53.86149,40.85314,37.64411,48.4388,0,22.2639,14.4661,0,10.77263,3.69347,0,3.53958,3.69347,0.99125,0,0,0,0,0,0,0,2.60107]},{"s":"Married (city)","c":[1,0.27059,0],"l":[49.04774,45.05208],"n":[46,61,110,150,176,215,217,262,232,253,263,224,209,145,184,144,126,129,89,46,87,76,96,60,65,49,44,60,36,50,41,49,34,40,34,31,32,32,21,25,20,23,16,21,9,14,17,14,10,10,11,7,9,5,8,2,5,2,1,2,3,0,1,0,1,0,1,0,0,0,0,0,0,0],"p":[0,1,5,11,17,21,53,134,69,83,133,179,259,166,213,179,120,191,98,52,123,100,149,94,63,77,66,97,59,59,58,52,44,50,42,42,41,35,33,32,33,20,31,18,19,15,16,16,15,13,6,6,4,2,5,0,0,1,1,0,2,0,0,1,0,1,0,0,0,0,0,0,0,0],"N":[29.31758,40.97347,86.1092,109.18722,135.27816,161.04348,167.95518,91.17799,94.39225,104.27622,101.95627,89.3285,86.47208,57.79093,79.54121,62.8903,51.15379,99.56535,81.48206,37.35055,71.16924,56.3656,81.8085,53.15207,52.8777,40.96843,37.65323,50.26256,29.43123,43.63805,33.3152,41.95141,109.02351,137.6236,101.68088,90.57568,86.22471,119.92403,83.66499,89.14343,59.50102,66.38326,42.12305,64.88917,35.11535,60.89407,43.96837,40.40776,42.18029,30.00349,31.42729,21.02302,27.13521,14.85391,21.74706,3.59232,15.79243,6.14065,3.53958,5.20214,9.68023,0,2.60107,0,2.60107,0,3.53958,0,0,0,0,0,0,0],"P":[0,0.30019,4.15073,7.84825,13.71188,17.09872,37.99044,32.06388,22.39254,28.31621,43.49285,55.02395,75.01912,55.16799,70.58596,58.84276,44.42907,120.27673,62.74317,30.50889,84.65522,65.68975,103.71005,63.35473,44.73665,53.93236,41.50896,63.18182,38.07192,44.02754,33.22042,33.97228,132.40757,133.52533,103.77787,118.75902,93.67251,86.38673,68.17954,73.41501,72.5836,60.1059,66.56973,50.35195,51.26441,34.65367,47.9521,46.07005,37.85617,30.12284,17.48343,17.62352,13.51469,6.14065,14.88237,0,0,2.60107,3.53958,0,7.07916,0,0,3.53958,0,0.99125,0,0,0,0,0,0,0,0]},{"s":"Married (countryside)","c":[0.12549,0.69804,0.66667],"l":[49.61055,68.61979],"n":[13,21,27,37,49,40,47,56,50,71,65,67,58,54,38,51,39,41,36,11,27,29,28,22,29,21,16,19,14,18,16,17,24,12,10,12,23,20,9,11,14,6,7,8,10,9,8,12,6,6,1,5,5,4,1,2,1,0,1,0,2,0,1,0,1,0,0,0,0,0,0,0,0,0],"p":[0,1,1,6,7,11,21,50,41,58,49,50,80,55,80,91,67,84,41,27,63,54,56,44,40,45,38,44,41,37,23,32,25,18,19,26,26,30,20,17,28,19,18,21,17,5,14,13,10,11,8,9,4,5,3,3,0,0,2,0,1,1,0,0,0,0,0,0,0,0,0,0,0,0],"N":[18.56368,30.17443,35.12149,46.42729,66.48833,49.66082,61.26714,32.72798,29.5419,34.55406,36.0714,39.86396,36.46265,29.65468,22.60928,30.12865,22.99332,29.12074,27.29826,8.58775,23.78332,25.99171,23.38555,17.84964,26.79407,18.42619,12.61107,13.60099,10.14666,16.81571,12.67358,10.99629,55.49231,34.6721,23.84624,38.30666,87.61115,69.39891,25.61832,31.56405,32.52181,14.53792,16.70681,18.8757,32.05453,24.09374,21.92485,29.46562,13.01335,14.53792,3.69347,10.84445,10.34242,11.72471,1.03409,4.33778,2.16889,0,3.69347,0,4.33778,0,2.16889,0,2.16889,0,0,0,0,0,0,0,0,0],"P":[0,1.09041,1.53071,6.54246,7.56331,11.50091,20.63565,17.69712,19.30823,21.53084,20.96375,29.10564,35.95828,25.46025,36.43896,40.85559,34.89224,60.77282,33.14923,21.58956,45.66604,41.71107,41.85543,34.82085,33.73612,33.79632,28.40341,29.74411,31.16899,25.34041,14.26655,27.33427,53.90157,46.16087,44.3888,65.50973,71.20669,79.42066,55.07238,45.84743,95.12334,50.42819,37.88213,50.49414,44.8838,15.41818,34.43616,27.19603,26.00358,26.40491,22.55761,44.22169,11.72471,12.36903,8.66401,9.55582,0,0,7.38693,0,3.69347,3.69347,0,0,0,0,0,0,0,0,0,0,0,0]}]}