{"name":"URNB","seq":[{"i":[0],"y":[0,11],"t":[1,1,1,1,1,1,0,0]},{"i":[1,2],"y":[0,14],"t":[1,1,1,1,1,1,1,1]}],"type":"AgeCat","x":[18,92],"bins":[18,26,33,44,57,65,82],"xt":[20,25,30,35,40,45,50,55,60,65,70],"yt":[0,2,4,6,8,10,12,14],"z":1.64485,"series":[{"s":"Non-binary","c":[0,0,0],"l":[44.67682,3.51148],"n":[113,184,277,398,459,481,554,774,659,755,836,841,941,748,832,791,617,730,454,249,507,487,544,375,371,337,291,345,264,285,254,250,254,216,191,191,211,204,137,162,167,130,111,125,94,83,92,86,73,65,41,49,34,27,24,19,9,11,5,6,7,1,2,1,3,1,1,0,0,0,0,0,0,1],"p":[5,10,14,21,26,23,32,51,32,30,33,26,48,37,31,23,20,35,22,7,20,12,23,8,7,11,13,16,6,10,14,5,6,13,3,10,9,6,3,8,8,5,7,2,4,1,3,4,7,4,2,4,6,2,2,2,0,2,1,0,2,0,0,0,0,0,0,0,0,0,0,0,0,0],"N":[97.71986,152.66438,250.92128,351.12035,422.12785,420.95089,483.92096,293.49041,280.89089,321.51977,350.88234,366.14099,379.09043,318.48525,356.66838,336.41328,281.58078,545.88905,356.23991,196.98271,402.95855,374.71304,434.38246,289.77308,292.88393,272.78821,231.11511,267.68899,198.53493,231.96784,198.59701,196.73894,774.55744,682.81636,556.8284,552.69851,613.78437,603.35499,400.11275,456.54614,496.25109,371.76038,272.32865,370.16851,271.80233,268.49583,250.20649,232.18083,202.35465,155.43137,111.60066,144.7729,94.37237,75.23497,60.56324,66.93075,26.27086,37.32282,18.00568,16.50539,22.18958,3.69347,4.76996,3.53958,8.46342,0.99125,3.53958,0,0,0,0,0,0,2.60107],"P":[5.1575,9.15644,10.52832,18.26959,21.16306,17.48027,26.4787,11.8191,9.99593,8.10428,9.55743,9.11936,16.31209,12.407,12.62958,9.03421,7.1313,22.67197,13.09762,3.01238,12.89776,7.31501,13.85997,3.61235,7.75085,6.75833,8.85423,9.59448,2.10351,5.31323,6.61545,2.31398,14.54577,30.77428,2.80486,24.74609,20.15477,15.44144,3.0757,19.68969,20.67534,16.7594,11.29587,5.70847,9.21635,3.53958,7.07916,9.21555,17.59453,9.65178,3.53958,11.57083,15.24839,5.70847,7.23305,6.29453,0,15.96936,3.69347,0,4.76996,0,0,0,0,0,0,0,0,0,0,0,0,0]},{"s":"Non-binary (city)","c":[1,0.27059,0],"l":[43.02701,5.25],"n":[45,59,106,153,183,223,250,367,285,323,376,391,445,293,381,312,237,303,177,95,203,168,233,150,126,122,104,148,91,106,92,99,75,83,73,68,70,64,52,52,51,40,45,38,27,29,33,28,22,20,16,12,11,7,12,2,5,2,2,2,4,0,1,1,1,1,1,0,0,0,0,0,0,0],"p":[1,3,9,8,10,13,20,29,16,13,20,12,23,18,16,11,9,17,10,3,7,8,12,4,2,4,6,9,4,3,7,2,3,7,3,5,3,3,2,5,2,3,2,1,1,0,0,2,3,3,1,1,2,0,1,0,0,1,0,0,1,0,0,0,0,0,0,0,0,0,0,0,0,0],"N":[28.46803,38.91846,83.3946,110.7934,143.84491,168.71872,190.21735,117.50248,112.29514,128.81394,139.06729,141.19153,156.7013,108.36409,145.24132,118.86656,91.79904,209.67992,139.01986,65.33346,151.36692,117.72838,179.01232,114.47332,95.78348,92.66469,74.64051,108.13301,66.71209,85.69502,63.35726,74.80564,232.68936,254.36851,202.65389,193.03618,170.17848,199.17886,150.93773,150.15454,127.55379,116.80893,102.55213,111.70154,85.47296,95.54774,91.92047,84.49532,75.53734,53.07562,45.37114,35.10696,34.50925,20.99456,33.08984,3.59232,15.79243,5.20214,7.07916,5.20214,14.15833,0,2.60107,3.53958,2.60107,0.99125,3.53958,0,0,0,0,0,0,0],"P":[0.84955,2.3552,6.86532,6.24207,5.14514,9.42347,15.72826,5.73939,4.48965,3.77849,6.38182,3.16091,4.7899,4.59484,4.88584,2.8665,3.78382,10.16216,5.20537,2.52598,4.45754,4.32697,6.50623,2.03348,1.83086,2.2361,4.52168,5.31137,0.79106,1.97058,3.17836,1.11805,8.74172,16.78042,2.80486,16.29852,9.71874,7.1319,0.9068,12.4039,4.53083,9.68023,6.14065,3.53958,0.9068,0,0,1.9825,4.49912,7.05071,3.53958,3.53958,6.14065,0,3.53958,0,0,3.53958,0,0,2.60107,0,0,0,0,0,0,0,0,0,0,0,0,0]},{"s":"Non-binary (countryside)","c":[0.12549,0.69804,0.66667],"l":[44.22393,0.85677],"n":[13,21,26,40,51,51,64,98,86,124,112,113,130,107,115,140,102,119,75,36,84,81,82,65,67,64,51,59,54,52,36,46,48,30,29,35,47,49,29,28,40,25,23,29,26,14,22,25,15,17,9,12,8,8,3,4,1,0,2,0,2,1,1,0,1,0,0,0,0,0,0,0,0,0],"p":[0,1,2,3,5,0,4,8,5,5,2,4,8,2,3,2,4,6,2,2,6,2,2,1,2,2,3,4,1,3,3,3,1,0,0,3,2,1,0,0,2,0,2,0,1,0,0,0,1,0,0,2,1,1,1,1,0,0,1,0,1,0,0,0,0,0,0,0,0,0,0,0,0,0],"N":[18.56368,30.17443,34.47138,49.51316,68.15928,61.16173,77.54115,47.80647,47.21034,55.51919,56.77119,66.34324,67.79879,53.92883,58.18249,70.36214,56.22964,87.37841,60.1637,29.89353,66.25011,66.32104,63.85925,52.38671,57.33758,50.84078,38.60408,41.52081,41.03186,40.96019,26.08876,37.13463,107.22499,80.83298,68.23505,98.44451,157.78375,146.65068,80.6907,77.41147,124.44217,64.96611,53.31186,69.36984,74.76943,39.51192,56.36101,56.66165,35.32346,40.94283,26.25108,49.20379,19.89824,21.92485,6.00464,10.20014,2.16889,0,7.38693,0,5.86236,3.69347,2.16889,0,2.16889,0,0,0,0,0,0,0,0,0],"P":[0,1.09041,2.18082,3.4566,5.89235,0,4.36164,2.61862,1.63979,0.56571,0.26395,2.62635,4.62214,1.18609,0.86576,0.62209,1.65591,2.51515,0.28379,0.28379,3.19925,1.38173,1.38173,0.28379,3.19261,1.38173,2.4104,1.82429,0.28379,1.19593,0.85136,1.19593,2.16889,0,0,5.37188,1.03409,2.16889,0,0,3.20299,0,1.27708,0,2.16889,0,0,0,3.69347,0,0,5.86236,2.16889,2.16889,3.69347,3.69347,0,0,3.69347,0,2.16889,0,0,0,0,0,0,0,0,0,0,0,0,0]}]}