{"name":"URNonMonog","seq":[{"i":[0],"y":[0,12],"t":[1,1,1,1,1,1,1,0,0,0,0]},{"i":[1,2],"y":[0,20],"t":[1,1,1,1,1,1,1,1,1,1,1]}],"type":"AgeCat","x":[18,92],"bins":[18,25,35,61,82],"xt":[20,25,30,35,40,45,50,55,60,65,70,75],"yt":[0,2,4,6,8,10,12,14,16,18,20],"z":1.64485,"series":[{"s":"Non-monogamous","c":[0,0,0],"l":[47.8191,7.78646],"n":[111,185,277,379,445,464,531,731,631,707,789,799,896,707,779,739,580,695,423,230,483,456,511,334,340,311,275,329,248,267,237,233,232,206,174,183,205,186,125,151,163,124,109,120,92,77,87,81,72,61,38,50,37,27,26,20,9,13,6,6,8,1,1,1,3,1,0,0,0,0,0,0,0,0],"p":[7,9,14,40,40,40,55,94,60,78,80,68,93,78,84,75,57,70,53,26,44,43,56,49,38,37,29,32,22,28,31,22,28,23,20,18,15,24,15,19,12,11,9,7,6,7,8,9,8,8,5,3,3,2,0,1,0,0,0,0,1,0,1,0,0,0,1,0,0,0,0,0,0,1],"N":[96.25104,153.0252,249.71534,338.70805,407.4297,401.99768,464.31766,280.6168,269.06783,296.28213,331.5023,350.2642,361.1955,300.0745,335.02302,316.25116,263.63141,523.36222,333.39662,182.23846,381.48711,354.64644,403.6062,261.69616,272.54399,250.51496,219.25338,254.79208,185.32477,214.33541,182.70721,184.54614,665.06021,664.12709,469.82559,536.19109,604.07999,545.95512,366.30003,411.23596,482.76782,368.50505,269.86236,352.31671,249.08877,242.38459,236.6146,220.65677,198.83701,142.71784,102.70506,149.72845,99.03046,73.86428,67.79629,60.7955,26.27086,53.29218,21.69914,16.50539,23.41995,3.69347,2.60107,3.53958,8.46342,0.99125,0,0,0,0,0,0,0,0],"P":[6.62632,8.79562,11.73427,30.68189,35.8612,36.43348,46.082,24.6927,21.81899,33.34192,28.93747,24.99615,34.20702,30.81775,34.27494,29.19632,25.08067,45.1988,35.94091,17.75663,34.3692,27.38161,44.63624,31.68927,28.09079,29.03158,20.71597,22.49139,15.31366,22.94565,22.50525,14.50678,124.043,49.46355,89.80767,41.25351,29.85916,72.8413,36.88842,64.99986,34.15861,20.01472,13.76217,23.56027,31.9299,29.65083,20.67105,20.7396,21.11217,22.36531,12.43518,6.61528,10.59029,7.07916,0,12.42978,0,0,0,0,3.53958,0,2.16889,0,0,0,3.53958,0,0,0,0,0,0,2.60107]},{"s":"Non-monogamous (city)","c":[1,0.27059,0],"l":[49.23241,15.67708],"n":[42,59,110,147,173,220,243,344,268,297,347,365,418,276,356,286,220,282,154,84,191,156,212,125,109,109,96,141,84,93,83,90,73,77,65,64,64,56,48,48,48,39,43,34,24,26,28,28,20,18,15,12,10,7,13,2,5,3,2,2,4,0,1,1,1,1,0,0,0,0,0,0,0,0],"p":[4,3,5,14,20,16,27,52,33,39,49,38,50,35,41,37,26,38,33,14,19,20,33,29,19,17,14,16,11,16,16,11,5,13,11,9,9,11,6,9,5,4,4,5,4,3,5,2,5,5,2,1,3,0,0,0,0,0,0,0,1,0,0,0,0,0,1,0,0,0,0,0,0,0],"N":[26.40233,38.70154,85.7483,107.39038,132.19208,168.19992,187.20389,110.86049,104.62785,117.47248,127.96019,132.4453,146.33505,100.25413,135.92745,106.53527,84.18655,194.63622,121.06704,57.30158,143.40806,108.95088,161.36386,98.06798,84.54143,81.35694,68.22506,103.3458,60.35402,73.67361,56.07661,68.31971,223.92336,245.35278,168.26258,189.8866,165.59852,162.87819,139.41218,127.53843,118.89326,117.51194,102.34834,97.54321,61.68291,79.57837,79.51656,81.27568,65.90985,45.08965,42.77007,37.73973,30.05961,20.99456,36.62942,3.59232,15.79243,8.74172,7.07916,5.20214,13.21981,0,2.60107,3.53958,2.60107,0.99125,0,0,0,0,0,0,0,0],"P":[2.91525,2.57213,4.51163,9.64509,16.79797,9.94228,18.74173,12.38138,12.15694,15.11995,17.48892,11.90715,15.15615,12.70479,14.19971,15.1978,11.39631,25.20586,23.15819,10.55786,12.4164,13.10448,24.15469,18.43882,13.07292,13.54386,10.93714,10.09858,7.14913,13.99198,10.45901,7.60398,17.50772,25.79615,37.19617,19.4481,14.2987,43.43257,12.43236,35.02001,13.19136,8.97722,6.34444,17.69791,24.69686,15.96936,12.4039,5.20214,14.12662,15.03668,6.14065,0.9068,10.59029,0,0,0,0,0,0,0,3.53958,0,0,0,0,0,3.53958,0,0,0,0,0,0,0]},{"s":"Non-monogamous (countryside)","c":[0.12549,0.69804,0.66667],"l":[49.67211,4.29688],"n":[12,20,27,42,50,46,61,91,83,118,104,105,122,97,107,132,100,116,71,34,79,77,78,60,66,57,53,60,53,52,35,46,38,30,26,37,46,46,24,26,39,22,23,28,26,13,21,21,15,16,8,14,9,9,4,5,1,0,3,0,3,1,0,0,1,0,0,0,0,0,0,0,0,0],"p":[1,2,1,1,6,5,7,15,8,11,10,12,16,12,11,10,6,9,6,4,11,6,6,6,3,9,1,3,2,3,4,3,11,0,3,1,3,4,5,2,3,3,2,1,1,1,1,4,1,1,1,0,0,0,0,0,0,0,0,0,0,0,1,0,0,0,0,0,0,0,0,0,0,0],"N":[17.03297,28.20342,34.9116,52.56376,67.32381,53.38122,73.67692,46.63017,44.81153,50.86234,53.2693,63.50618,64.75896,47.9,54.56506,66.61551,54.68542,85.5609,57.66382,28.64359,61.1693,64.90383,60.48947,48.94765,57.782,45.80548,40.32361,40.9347,40.0032,40.21531,24.24594,35.58236,87.4159,80.83298,60.2038,101.6475,151.92139,136.4621,66.40732,72.68391,116.56476,60.62833,53.31186,65.67638,73.24486,35.81846,52.66755,49.8659,37.73985,37.24937,22.55761,55.06614,22.06713,24.09374,9.6981,13.8936,2.16889,0,11.0804,0,8.03125,3.69347,0,0,2.16889,0,0,0,0,0,0,0,0,0],"P":[1.53071,3.06142,1.7406,0.406,6.72783,7.7805,8.22587,3.79493,4.0386,5.22255,3.76585,5.46341,7.66197,7.21493,4.48319,4.36872,3.20014,4.33267,2.78367,1.53373,8.28006,2.79894,4.75151,3.72285,2.7482,6.41703,0.69087,2.4104,1.31245,1.94081,2.69418,2.7482,21.97799,0,8.03125,2.16889,6.89645,12.35747,14.28338,4.72756,11.0804,4.33778,1.27708,3.69347,3.69347,3.69347,3.69347,6.79575,1.27708,3.69347,3.69347,0,0,0,0,0,0,0,0,0,0,0,2.16889,0,0,0,0,0,0,0,0,0,0,0]}]}