{"name":"URPoly","seq":[{"i":[0],"y":[0,8],"t":[1,1,1,1,1,1,1,1,1,0,0]},{"i":[1,2],"y":[0,10],"t":[1,1,1,1,1,1,1,1,1,1,1]}],"type":"AgeCat","x":[18,92],"bins":[18,25,35,61,82],"xt":[20,25,30,35,40,45,50,55,60,65,70,75],"yt":[0,1,2,3,4,5,6,7,8,9,10],"z":1.64485,"series":[{"s":"Polyamorous","c":[0,0,0],"l":[45.41332,3.61682],"n":[114,187,283,396,454,477,548,783,647,731,813,829,926,746,814,781,608,719,454,245,503,473,543,356,356,325,283,343,257,279,254,240,246,223,183,198,214,201,136,161,169,132,111,126,94,81,90,87,78,68,42,52,38,28,26,20,9,12,6,6,8,1,1,1,3,1,1,0,0,0,0,0,0,0],"p":[4,7,8,23,31,27,38,42,44,54,56,38,63,39,49,33,29,46,22,11,24,26,24,27,22,23,21,18,13,16,14,15,14,6,11,3,6,9,4,9,6,3,7,1,4,3,5,3,2,1,1,1,2,1,0,1,0,1,0,0,1,0,1,0,0,0,0,0,0,0,0,0,0,1],"N":[98.8661,155.28982,253.97819,348.05613,414.43207,414.03127,476.71153,292.06894,275.36108,309.57298,342.18529,361.35434,375.86242,318.26924,350.97929,331.34189,275.84722,539.20992,354.14965,191.25084,402.63888,362.33335,430.55916,272.43231,284.47959,261.33304,226.14256,266.87706,193.23111,224.4449,195.86371,188.58377,730.46178,706.49452,521.63643,573.37766,620.83341,591.90146,393.78651,448.30676,506.57655,384.07339,270.48334,372.3374,256.32182,267.26546,245.70736,231.56226,214.2407,161.54357,111.60066,155.30963,104.41862,78.34237,67.79629,71.05639,26.27086,49.7526,21.69914,16.50539,23.41995,3.69347,2.60107,3.53958,8.46342,0.99125,3.53958,0,0,0,0,0,0,0],"P":[4.01126,6.53099,7.47142,21.33381,28.85884,24.39988,33.68814,13.24056,15.52574,20.05107,18.25449,13.90602,19.5401,12.62301,18.31867,14.1056,12.86486,29.3511,15.18788,8.74425,13.21743,19.6947,17.68327,20.95312,16.15519,18.21349,13.82678,10.40641,7.40732,12.83617,9.34875,10.46916,58.64144,7.09612,37.99683,4.06694,13.10574,26.89496,9.40194,27.92906,10.34988,4.44639,13.14119,3.53958,24.69686,4.76996,11.57829,9.83412,5.70847,3.53958,3.53958,1.03409,5.20214,2.60107,0,2.16889,0,3.53958,0,0,3.53958,0,2.16889,0,0,0,0,0,0,0,0,0,0,2.60107]},{"s":"Polyamorous (city)","c":[1,0.27059,0],"l":[44.05528,7.0538],"n":[44,60,110,154,178,224,252,375,274,308,364,386,435,292,378,309,229,299,173,92,196,163,229,140,116,116,102,145,89,99,91,93,75,88,69,71,71,63,52,53,49,41,45,38,25,28,29,30,25,22,16,13,11,6,13,2,5,2,2,2,4,0,1,1,1,1,1,0,0,0,0,0,0,0],"p":[2,2,5,7,15,12,18,21,27,28,32,17,33,19,19,14,17,21,14,6,14,13,16,14,12,10,8,12,6,10,8,8,3,2,7,2,2,4,2,4,4,2,2,1,3,1,4,0,0,1,1,0,2,1,0,0,0,1,0,0,1,0,0,0,0,0,0,0,0,0,0,0,0,0],"N":[27.92744,39.57455,86.53805,111.40256,135.42579,169.23496,193.83661,118.21641,107.23246,122.17587,135.11811,138.42207,152.60919,107.24307,144.27577,115.66068,87.9511,206.20703,134.12148,63.84285,150.04423,112.60151,173.29954,104.88231,89.39848,87.46785,72.38686,106.93815,62.79274,79.11583,61.09826,71.70957,234.29918,267.64106,180.37499,207.43665,178.90597,186.83353,148.30496,143.0812,124.04592,122.04277,104.24639,111.70154,65.22249,95.54774,83.88176,86.47782,80.03646,56.58675,45.37114,38.64654,35.44777,18.3935,36.62942,3.59232,15.79243,5.20214,7.07916,5.20214,13.21981,0,2.60107,3.53958,2.60107,0.99125,3.53958,0,0,0,0,0,0,0],"P":[1.39014,1.69911,3.72187,5.6329,13.56426,8.90724,12.10901,5.02546,9.55234,10.41656,10.331,5.93037,8.88201,5.71585,5.8514,6.07239,7.63176,13.63505,10.10375,4.01659,5.78023,9.45385,12.21901,11.62449,8.21587,7.43294,6.77533,6.50623,4.7104,8.54977,5.43736,4.21411,7.1319,3.50787,25.08376,1.89805,0.99125,19.47724,3.53958,19.47724,8.0387,4.44639,4.44639,3.53958,21.15727,0,8.0387,0,0,3.53958,3.53958,0,5.20214,2.60107,0,0,0,3.53958,0,0,3.53958,0,0,0,0,0,0,0,0,0,0,0,0,0]},{"s":"Polyamorous (countryside)","c":[0.12549,0.69804,0.66667],"l":[44.40201,1.86106],"n":[12,21,27,42,53,49,64,98,85,119,106,110,127,106,110,136,104,119,76,36,86,80,83,62,66,61,52,60,52,53,39,46,44,28,28,37,47,49,27,28,42,25,24,29,27,14,22,24,15,17,9,13,9,9,4,4,1,0,3,0,3,1,0,0,1,0,0,0,0,0,0,0,0,0],"p":[1,1,1,1,3,2,4,8,6,10,8,7,11,3,8,6,2,6,1,2,4,3,1,4,3,5,2,3,3,2,0,3,5,2,1,1,2,1,2,0,0,0,1,0,0,0,0,1,1,0,0,1,0,0,0,1,0,0,0,0,0,0,1,0,0,0,0,0,0,0,0,0,0,0],"N":[17.03297,29.73413,34.9116,52.13428,71.03534,58.54061,78.25978,46.70684,45.99762,53.7502,54.37873,65.42744,68.65509,53.68516,55.22602,67.66962,56.94313,88.13007,60.44749,28.86486,66.47989,66.09976,64.55012,50.2601,57.782,48.96925,39.63274,41.74209,40.81058,40.77438,26.94012,36.79683,100.81902,78.27883,66.06616,101.6475,154.09028,147.54249,74.82834,77.41147,127.64515,64.96611,53.31186,69.36984,76.93832,39.51192,56.36101,52.96818,36.84803,40.94283,26.25108,54.03205,22.06713,24.09374,9.6981,11.72471,2.16889,0,11.0804,0,8.03125,3.69347,0,0,2.16889,0,0,0,0,0,0,0,0,0],"P":[1.53071,1.53071,1.7406,0.83548,3.0163,2.62112,3.64301,3.71826,2.85251,2.3347,2.65642,3.54215,3.76585,1.42976,3.82223,3.31461,0.94242,1.7635,0,1.31245,2.96947,1.60301,0.69087,2.4104,2.7482,3.25326,1.38173,1.60301,0.50506,1.38173,0,1.53373,8.57486,2.55415,2.16889,2.16889,4.72756,1.27708,5.86236,0,0,0,1.27708,0,0,0,0,3.69347,2.16889,0,0,1.03409,0,0,0,2.16889,0,0,0,0,0,0,2.16889,0,0,0,0,0,0,0,0,0,0,0]}]}