{"name":"URQueer","seq":[{"i":[0],"y":[0,15],"t":[1,1,1,1,1,1,1,1,0,0]},{"i":[1,2],"y":[0,19],"t":[1,1,1,1,1,1,1,1,1,1]}],"type":"AgeCat","x":[18,92],"bins":[18,21,25,32,40,55,82],"xt":[20,25,30,35,40,45,50,55,60,65,70,75],"yt":[0,2,4,6,8,10,12,14,16,18],"z":1.64485,"series":[{"s":"Queer","c":[0,0,0],"l":[50.67902,3.88928],"n":[105,172,243,367,428,441,519,745,616,707,784,790,914,729,802,754,598,712,450,248,504,481,549,367,359,335,289,346,262,281,262,245,252,215,188,196,213,199,134,163,165,132,115,124,96,82,93,85,79,68,42,51,40,29,25,21,9,13,6,6,9,1,2,1,3,1,1,0,0,0,0,0,0,1],"p":[13,22,48,52,57,63,67,80,75,78,85,77,75,56,61,60,39,53,26,8,23,18,18,16,19,13,15,15,8,14,6,10,8,14,6,5,7,11,6,7,10,3,3,3,2,2,2,5,1,1,1,2,0,0,1,0,0,0,0,0,0,0,0,0,0,0,0,0,0,0,0,0,0,0],"N":[90.40922,144.30605,217.35088,330.50914,392.01771,386.7913,455.73156,277.21174,263.97937,295.81414,330.15409,347.13691,365.96225,308.82325,346.68999,324.66901,274.07049,532.59725,351.20793,193.95937,397.55719,371.21246,437.52385,282.69944,286.33549,270.56096,231.00558,270.8689,195.0988,225.78313,200.41252,191.673,767.25023,689.78819,548.34997,563.07966,621.08764,585.67637,389.34012,457.84227,492.1842,384.92746,275.66701,369.82994,274.87803,267.43514,253.69333,227.9271,216.40959,164.04906,111.60066,155.30963,109.62076,80.94344,66.76219,73.22528,26.27086,53.29218,21.69914,16.50539,26.95953,3.69347,4.76996,3.53958,8.46342,0.99125,3.53958,0,0,0,0,0,0,2.60107],"P":[12.46814,17.51477,44.09872,38.8808,51.27319,51.63986,54.66811,28.09776,26.90745,33.8099,30.28568,28.12345,29.44028,22.06901,22.60796,20.77847,14.64158,35.96377,18.1296,6.03572,18.29912,10.81559,10.71859,10.68599,14.29929,8.98557,8.96377,6.41457,5.53963,11.49794,4.79994,7.37993,21.85298,23.80245,11.28329,14.36495,12.85151,33.12006,13.84833,18.39355,24.74223,3.59232,7.95752,6.04704,6.14065,4.60027,3.59232,13.46928,3.53958,1.03409,3.53958,1.03409,0,0,1.03409,0,0,0,0,0,0,0,0,0,0,0,0,0,0,0,0,0,0,0]},{"s":"Queer (city)","c":[1,0.27059,0],"l":[50.34045,6.03646],"n":[41,50,98,141,175,206,240,355,264,303,353,359,429,284,370,295,230,294,172,96,198,166,236,147,120,118,102,149,93,97,97,95,76,83,72,70,69,59,50,53,46,43,45,38,27,28,31,28,25,23,16,12,13,7,13,2,5,3,2,2,5,0,1,1,1,1,1,0,0,0,0,0,0,0],"p":[5,12,17,20,18,30,30,41,37,33,43,44,39,27,27,28,16,26,15,2,12,10,9,7,8,8,8,8,2,12,2,6,2,7,4,3,4,8,4,4,7,0,2,1,1,1,2,2,0,0,1,1,0,0,0,0,0,0,0,0,0,0,0,0,0,0,0,0,0,0,0,0,0,0],"N":[25.95661,32.32827,76.10802,104.58949,136.07835,155.39674,183.64867,111.25481,104.06771,119.39211,129.82103,129.44696,148.62524,103.19679,140.52765,113.55846,90.50243,202.948,132.70584,67.46067,149.24957,116.75529,181.10829,111.71312,91.19889,88.54177,74.17236,111.31292,65.73518,77.30397,64.76767,72.10834,234.35191,259.4862,198.94542,202.2028,173.78828,180.60843,143.85857,151.06134,115.21975,126.48916,103.33633,112.64005,83.7787,94.64093,88.32815,81.27568,80.03646,60.12633,45.37114,38.64654,40.6499,20.99456,36.62942,3.59232,15.79243,8.74172,7.07916,5.20214,16.7594,0,2.60107,3.53958,2.60107,0.99125,3.53958,0,0,0,0,0,0,0],"P":[3.36097,8.94539,14.15191,12.44597,12.9117,22.74545,22.29694,11.98707,12.71708,13.20032,15.62809,14.90549,12.86596,9.76213,9.59952,8.17461,5.08043,16.89408,11.51939,0.39877,6.57489,5.30006,4.41026,4.79368,6.41545,6.35902,4.98983,2.13145,1.76796,10.36162,1.76796,3.81535,7.07916,11.66273,6.51333,7.1319,6.10894,25.70233,7.98597,11.4971,16.86487,0,5.35645,2.60107,2.60107,0.9068,3.59232,5.20214,0,0,3.53958,0,0,0,0,0,0,0,0,0,0,0,0,0,0,0,0,0,0,0,0,0,0,0]},{"s":"Queer (countryside)","c":[0.12549,0.69804,0.66667],"l":[50.86369,1.26172],"n":[10,19,22,41,48,47,59,95,83,118,104,108,128,102,109,127,101,118,73,36,86,81,82,64,67,64,52,61,52,54,35,47,45,29,29,38,47,49,28,26,40,25,25,27,27,13,22,24,16,17,9,13,9,9,3,5,1,0,3,0,3,1,1,0,1,0,0,0,0,0,0,0,0,0],"p":[3,3,6,2,8,4,9,11,8,11,10,9,10,7,9,15,5,7,4,2,4,2,2,2,2,2,2,2,3,1,4,2,4,1,0,0,2,1,1,2,2,0,0,2,0,1,0,1,0,0,0,1,0,0,1,0,0,0,0,0,0,0,0,0,0,0,0,0,0,0,0,0,0,0],"N":[15.10708,28.67802,29.22914,50.78894,64.23786,56.1499,71.68302,44.55421,44.69706,50.56962,54.90493,63.85798,67.57125,51.3291,55.58276,66.00183,55.87151,87.22642,58.50668,28.01337,63.65698,66.79063,64.26633,51.28876,59.14846,50.84078,39.63274,42.90255,40.4035,41.87233,23.90814,35.90269,101.85312,79.5559,68.23505,103.81639,155.61486,147.54249,78.52181,74.20849,123.30737,64.96611,54.58894,65.92387,76.93832,35.81846,56.36101,55.62755,39.01693,40.94283,26.25108,54.03205,22.06713,24.09374,8.66401,13.8936,2.16889,0,11.0804,0,8.03125,3.69347,2.16889,0,2.16889,0,0,0,0,0,0,0,0,0],"P":[3.4566,2.58682,7.42306,2.18082,9.81377,5.01183,10.21977,5.87089,4.15307,5.51527,2.13022,5.11161,4.84969,3.78582,3.46548,4.98241,2.01405,2.66715,1.94081,2.16394,5.79238,0.91214,0.97465,1.38173,1.38173,1.38173,1.38173,0.44255,0.91214,0.28379,3.03198,2.42787,7.54077,1.27708,0,0,3.20299,1.27708,2.16889,3.20299,4.33778,0,0,3.44597,0,3.69347,0,1.03409,0,0,0,1.03409,0,0,1.03409,0,0,0,0,0,0,0,0,0,0,0,0,0,0,0,0,0,0,0]}]}