{"name":"AmbiHanded","seq":[{"i":[0],"y":[0,15],"t":[1,1,1,1,1,1,1,1,1]},{"i":[0,1],"y":[0,15],"t":[1,1,1,1,1,1,1,1,1]}],"type":"AgeCat","x":[18,84],"bins":[18,21,25,30,40,50,80],"xt":[20,30,40,50,60,70,80,90],"yt":[0,2,4,6,8,10,12,14,16],"z":1.64485,"series":[{"s":"Neither strictly left nor strictly right handed","c":[0.12549,0.69804,0.66667],"l":[34.16175,11.79688],"n":[18,37,62,89,145,141,194,191,203,237,228,236,248,222,240,217,135,7,6,6,161,122,117,105,91,97,81,73,75,71,62,76,59,42,53,58,47,60,47,35,46,35,40,30,35,20,26,19,27,21,20,5,13,10,6,4,4,6,1,3,1,1,1,1,0,1],"p":[0,1,4,12,15,12,16,20,35,21,30,22,24,21,21,24,12,1,1,0,15,20,12,8,9,11,8,11,6,10,9,9,10,9,9,9,5,12,9,5,6,4,4,1,5,2,3,2,3,6,1,0,2,0,1,1,2,0,0,0,0,0,0,0,0,0],"N":[11.39302,32.45726,58.65417,79.93622,117.28643,120.24015,161.71492,75.30307,76.64574,92.34425,85.29044,92.35615,105.78632,89.37631,90.60628,85.49399,50.00091,7.57897,5.28789,4.83807,168.72281,125.35745,107.58611,100.94257,85.87746,96.09417,79.90553,78.13748,76.42,69.13409,57.32877,73.47848,150.72955,115.12904,124.0921,154.49518,111.72227,136.25553,118.80047,115.16354,116.16259,84.55904,90.39774,71.59723,99.6218,49.00593,77.89595,46.12829,66.06885,50.38953,46.23522,22.53275,30.89264,36.20261,12.67205,14.22488,8.8769,26.72363,3.04991,7.13286,2.04147,1.89276,2.04147,2.04147,0,3.05954],"P":[0,0,2.61267,7.69034,9.29379,11.56471,12.69674,6.95776,14.52238,6.25743,10.42081,8.40795,9.50249,6.88514,7.60063,7.94063,5.61512,1.08932,0.76041,0,15.81736,16.39608,13.27026,7.12752,8.38422,12.71823,8.54442,9.29781,7.12293,8.87849,7.89196,8.49612,48.87687,36.54682,21.62381,21.55759,10.77929,28.50131,23.93724,13.13141,11.06709,8.8769,8.30565,5.23188,13.09359,4.36178,7.13286,13.51248,8.15093,15.07164,3.04991,0,5.09138,0,2.04147,3.04991,3.20463,0,0,0,0,0,0,0,0,0]},{"s":"Ambidextrous","c":[0.54118,0.16863,0.88627],"l":[36.53141,6.69922],"n":[18,37,63,89,147,141,195,194,206,237,233,238,251,223,242,218,137,7,6,6,162,123,118,105,92,98,81,74,75,71,62,76,59,42,54,58,47,61,48,36,46,35,40,30,35,20,26,19,29,21,20,5,14,10,6,4,4,6,1,3,1,1,1,1,0,1],"p":[0,1,3,12,13,12,15,17,32,21,25,20,21,20,19,23,10,1,1,0,14,19,11,8,8,10,8,10,6,10,9,9,10,9,8,9,5,11,8,4,6,4,4,1,5,2,3,2,1,6,1,0,1,0,1,1,2,0,0,0,0,0,0,0,0,0],"N":[11.39302,32.45726,59.89794,79.93622,117.80029,120.24015,162.18695,75.99436,78.34342,92.34425,86.69384,93.19458,107.65117,89.61503,91.17085,85.87489,50.38564,7.57897,5.28789,4.83807,169.81213,126.44677,108.32407,100.94257,86.88122,97.01325,79.90553,79.05656,76.42,69.13409,57.32877,73.47848,150.72955,115.12904,127.14201,154.49518,111.72227,138.29701,125.02532,115.16354,116.16259,84.55904,90.39774,71.59723,99.6218,49.00593,77.89595,46.12829,72.1783,50.38953,46.23522,22.53275,33.94255,36.20261,12.67205,14.22488,8.8769,26.72363,3.04991,7.13286,2.04147,1.89276,2.04147,2.04147,0,3.05954],"P":[0,0,1.3689,7.69034,8.77993,11.56471,12.22471,6.26647,12.82471,6.25743,9.01741,7.56952,7.63764,6.64642,7.03606,7.55974,5.23039,1.08932,0.76041,0,14.72804,15.30676,12.5323,7.12752,7.38046,11.79914,8.54442,8.37873,7.12293,8.87849,7.89196,8.49612,48.87687,36.54682,18.5739,21.55759,10.77929,26.45984,17.71239,13.13141,11.06709,8.8769,8.30565,5.23188,13.09359,4.36178,7.13286,13.51248,2.04147,15.07164,3.04991,0,2.04147,0,2.04147,3.04991,3.20463,0,0,0,0,0,0,0,0,0]}]}