{"name":"Beard","str":[[[0,0,0],"Do you have a beard?",[0.5,0.83]]],"seq":[{"i":[0],"y":[34,61],"t":[0,0,0,0,1,1,1,1,1,1,0,0,0,0]},{"i":[0,1],"y":[15,100],"t":[0,0,1,1,0,1,0,1,0,1,1,1,1,1]},{"i":[0,1,2],"y":[0,100],"t":[1,1,1,1,0,1,0,1,0,1,1,1,1,1]}],"type":"AgeCat","x":[18,89],"bins":[18,24,30,41,51,56,72],"xt":[20,25,30,35,40,45,50,55,60,65,70,75],"yt":[0,10,20,30,35,40,45,50,55,60,70,80,90,100],"z":1.64485,"series":[{"s":"Opposite-sex attracted men","c":[0.54118,0.16863,0.88627],"l":[39.15829,52.36672],"n":[11,20,31,44,38,47,62,57,73,75,78,71,79,66,59,74,49,2,0,1,40,37,51,30,31,20,30,25,28,28,17,17,17,10,14,18,10,12,13,6,6,7,5,8,10,6,6,3,11,5,5,2,2,3,2,1,2,1,1,0,0,0,0,0,0,1,0,0,0,0,0],"p":[4,14,18,33,49,38,53,53,72,80,78,76,78,75,72,65,31,3,3,0,34,30,28,31,15,29,17,20,17,16,8,18,11,13,9,11,8,9,5,9,7,5,4,3,6,4,3,4,6,3,2,1,4,3,1,4,0,1,0,0,0,0,1,0,0,0,0,0,0,0,0],"N":[6.43782,16.22065,23.61431,34.13313,31.23958,37.02377,45.10082,20.39712,30.47764,34.65226,30.67599,26.32088,29.6468,26.40487,24.61282,28.84919,19.53838,2.17787,0,1.14114,47.27533,43.14914,56.08517,36.73734,33.58068,23.80086,37.14623,27.28335,35.00763,32.50443,18.9876,18.34971,60.13783,36.08661,48.98242,62.27661,35.49422,41.18013,45.39555,23.53347,21.79119,24.64361,18.41914,29.14662,43.48363,20.2323,22.40252,6.7441,36.20974,18.41914,19.03047,7.26373,6.7441,11.15541,7.78336,3.37205,18.62519,3.37205,3.37205,0,0,0,0,0,0,3.89168,0,0,0,0,0],"P":[3.07434,12.00115,17.3966,26.69311,46.70166,32.12932,42.42001,23.07235,27.93473,31.67233,34.4083,32.90084,37.46278,31.38349,30.04962,28.56488,12.34628,3.32731,2.17787,0,45.16382,36.29938,34.37807,34.32398,16.60764,43.41132,19.6691,31.02506,19.99824,16.97434,8.94518,19.76174,52.7587,59.1063,28.01566,38.65145,28.01566,28.82288,17.37988,31.2788,25.05433,17.07508,15.04709,11.15541,34.46268,27.50376,10.11615,39.44079,21.79119,11.15541,7.26373,3.89168,13.4882,23.61208,3.37205,14.20372,0,3.37205,0,0,0,0,3.37205,0,0,0,0,0,0,0,0]},{"s":"Same-sex attracted men","c":[1,0.27059,0],"l":[32.66834,35.45659],"n":[1,4,5,4,5,6,12,9,6,6,10,12,5,9,4,1,6,0,0,0,5,6,5,3,4,1,1,1,1,3,3,3,3,0,2,2,0,1,2,0,0,0,1,0,0,1,0,0,0,0,0,0,0,0,0,0,0,0,0,0,0,0,0,0,0,0,0,0,0,0,0],"p":[0,4,2,5,10,4,5,6,8,9,7,7,11,4,7,5,2,0,0,0,2,1,4,2,2,1,5,0,0,1,0,2,1,3,1,1,0,0,2,1,0,1,0,1,0,2,0,0,0,0,0,0,0,0,0,2,0,0,0,0,0,0,0,0,0,0,0,0,0,0,0],"N":[0.7625,4.323,4.82771,1.31886,8.04917,5.59021,10.8569,3.09565,2.48117,2.04662,3.87035,5.11266,1.67415,4.08764,1.48986,0.66742,2.51399,0,0,0,5.56568,6.33151,6.62851,3.2668,4.47674,1.08893,0.7681,1.08893,0.82634,3.37951,3.32731,3.32731,10.63578,0,6.7441,3.37205,0,3.89168,6.7441,0,0,0,3.37205,0,0,3.89168,0,0,0,0,0,0,0,0,0,0,0,0,0,0,0,0,0,0,0,0,0,0,0,0,0],"P":[0,4.8306,1.525,9.82977,12.81116,3.01555,3.45453,2.51399,3.2887,4.23706,2.36417,2.44399,4.62392,2.21937,2.15621,2.59184,0.74493,0,0,0,2.17787,1.08893,4.47674,2.17787,2.23837,1.14944,5.61788,0,0,1.08893,0,2.23837,3.37205,74.8231,3.37205,3.37205,0,0,6.7441,3.37205,0,3.58688,0,3.37205,0,7.26373,0,0,0,0,0,0,0,0,0,7.78336,0,0,0,0,0,0,0,0,0,0,0,0,0,0,0]},{"s":"Gay men","c":[0.12549,0.69804,0.66667],"l":[51.31407,94.62714],"n":[0,2,4,1,3,3,5,4,5,1,6,7,5,7,2,0,2,0,0,0,2,2,4,2,3,1,0,1,0,1,3,1,2,0,1,0,0,1,0,0,0,0,1,0,0,1,0,0,0,0,0,0,0,0,0,0,0,0,0,0,0,0,0,0,0,0,0,0,0,0,0],"p":[0,1,0,2,4,3,2,3,6,5,4,5,7,1,5,3,1,0,0,0,2,1,1,1,2,0,2,0,0,1,0,1,0,3,0,1,0,0,2,1,0,0,0,1,0,1,0,0,0,0,0,0,0,0,0,0,0,0,0,0,0,0,0,0,0,0,0,0,0,0,0],"N":[0,2.2904,4.06521,0.22044,6.52417,1.74544,4.50419,1.32659,1.67415,0.37247,2.35071,2.83154,1.51088,2.6746,0.69002,0,0.88453,0,0,0,2.23837,1.91527,4.35574,2.17787,3.32731,1.08893,0,1.08893,0,1.14114,3.32731,1.14944,6.7441,0,3.37205,0,0,3.89168,0,0,0,0,3.37205,0,0,3.89168,0,0,0,0,0,0,0,0,0,0,0,0,0,0,0,0,0,0,0,0,0,0,0,0,0],"P":[0,0.7625,0,6.52707,3.55761,2.25305,1.20149,1.25699,2.40417,2.45224,1.43495,1.86233,2.86278,0.51206,1.94702,1.8469,0.37247,0,0,0,2.17787,1.08893,1.08893,1.08893,2.23837,0,2.23837,0,0,1.08893,0,1.08893,0,75.03792,0,3.37205,0,0,6.7441,3.37205,0,0,0,3.37205,0,3.89168,0,0,0,0,0,0,0,0,0,0,0,0,0,0,0,0,0,0,0,0,0,0,0,0,0]}]}