{"name":"GenderHandedL","seq":[{"i":[0,1],"y":[0,100],"t":[1,0,0,0,0,1,0,0,0,1,1,1,1,1,1,1,1,1]},{"i":[2,3],"y":[0,16],"t":[1,1,1,1,1,1,1,1,1,0,0,0,0,0,0,0,0,0]}],"type":"AgeCat","x":[18,84],"bins":[18,21,25,30,40,50,80],"xt":[20,30,40,50,60,70,80,90],"yt":[0,2,4,6,8,10,12,14,16,20,30,40,50,60,70,80,90,100],"z":1.64485,"series":[{"s":"Strictly left handed","c":[0,0,0],"l":[36.65578,12.34379],"n":[18,36,60,89,146,131,191,189,219,236,234,229,248,224,238,217,131,5,7,6,159,135,117,100,90,97,84,80,73,70,58,78,66,45,59,63,47,67,55,40,47,33,41,27,39,20,25,19,25,26,16,5,15,10,7,5,6,5,1,3,1,1,1,1,0,0],"p":[0,2,6,12,14,22,19,22,19,22,24,29,24,19,23,24,16,3,0,0,17,7,12,13,10,11,5,4,8,11,13,7,3,6,3,4,5,5,1,0,5,6,3,4,1,2,4,2,5,1,5,0,0,0,0,0,0,1,0,0,0,0,0,0,0,1],"N":[11.39302,31.45893,56.13288,75.91486,115.40952,113.73057,161.7449,73.1117,83.74861,90.60496,86.97421,89.95085,104.38217,89.42997,89.56723,84.87082,49.25975,6.10828,6.0483,4.83807,166.59557,136.46014,110.05571,96.52882,85.59968,100.28328,84.81259,80.56873,75.89278,69.05009,52.46708,75.77368,194.17136,135.52561,140.32109,166.01872,110.41641,153.71436,140.69623,128.29494,114.27805,81.36041,91.86796,65.09243,108.74335,48.27633,73.35343,54.6981,59.9594,63.41969,37.34869,22.53275,35.98402,36.20261,14.71352,17.27479,12.08153,23.66409,3.04991,7.13286,2.04147,1.89276,2.04147,2.04147,0,0],"P":[0,0.99833,5.13396,11.7117,11.17069,18.07429,12.66676,9.14913,7.41951,7.99672,8.73704,10.81325,10.90665,6.83148,8.63968,8.5638,6.35629,2.56,0,0,17.9446,5.29339,10.80066,11.54128,8.66199,8.52912,3.63736,6.86656,7.65015,8.9625,12.75365,6.20091,5.43506,16.15025,5.39482,10.03405,12.08516,11.04248,2.04147,0,12.95163,12.07552,6.83542,11.73668,3.97205,5.09138,11.67537,4.94267,14.26038,2.04147,11.93644,0,0,0,0,0,0,3.05954,0,0,0,0,0,0,0,3.05954]},{"s":"Strictly right handed","c":[1,0.27059,0],"l":[40.22111,87.23958],"n":[0,3,10,24,29,34,35,42,54,43,54,51,48,40,44,48,28,4,1,0,32,27,24,21,19,22,13,15,14,21,22,16,13,15,12,13,10,17,10,5,11,10,7,5,6,4,7,4,8,7,6,0,2,0,1,1,2,1,0,0,0,0,0,0,0,1],"p":[18,35,56,77,131,119,175,169,184,215,204,207,224,203,217,193,119,4,6,6,144,115,105,92,81,86,76,69,67,60,49,69,56,36,50,54,42,55,46,35,41,29,37,26,34,18,22,17,22,20,15,5,13,10,6,4,4,5,1,3,1,1,1,1,0,0],"N":[0,0.99833,7.74663,19.40204,20.46448,29.639,25.36351,16.1069,21.9419,14.25415,19.15785,19.2212,20.40914,13.71662,16.24031,16.50444,11.97141,3.64932,0.76041,0,33.76196,21.68947,24.07092,18.6688,17.04621,21.24734,12.18177,16.16437,14.77308,17.84099,20.64561,14.69703,54.31192,52.69707,27.01863,31.59164,22.86445,39.5438,25.97871,13.13141,24.01872,20.95242,15.14107,16.96856,17.06564,9.45317,18.80823,18.45514,22.4113,17.11312,14.98635,0,5.09138,0,2.04147,3.04991,3.20463,3.05954,0,0,0,0,0,0,0,3.05954],"P":[11.39302,31.45893,53.52021,68.22452,106.11573,102.16586,149.04816,66.15394,69.22623,84.34752,76.5534,81.5429,94.87967,82.54483,81.9666,76.93019,43.64463,5.01897,5.28789,4.83807,150.77821,120.06406,96.78545,89.4013,77.21546,87.56505,76.26818,71.27092,68.76985,60.1716,44.57512,67.27757,145.29449,98.97879,118.69728,144.46113,99.63712,125.21305,116.759,115.16354,103.21096,72.48351,83.56231,59.86055,95.64976,43.91455,66.22058,41.18563,51.80848,48.34805,34.29878,22.53275,30.89264,36.20261,12.67205,14.22488,8.8769,23.66409,3.04991,7.13286,2.04147,1.89276,2.04147,2.04147,0,0]},{"s":"Strictly left handed men","c":[0.11765,0.56471,1],"l":[38.14824,12.45833],"n":[13,26,36,45,84,66,99,81,116,115,127,115,140,112,111,104,58,4,2,5,68,57,58,46,42,47,35,36,37,30,23,27,22,18,26,21,14,19,17,14,17,10,10,9,16,8,7,5,10,10,6,4,7,8,1,4,1,2,1,1,0,0,0,0,0,0],"p":[0,1,4,6,6,16,8,15,12,12,15,12,13,12,15,12,8,2,0,0,10,2,7,5,5,3,0,2,2,8,8,1,0,1,0,2,2,4,0,0,0,3,1,3,1,1,1,1,4,0,2,0,0,0,0,0,0,1,0,0,0,0,0,0,0,1],"N":[8.03901,20.29741,34.10072,39.64942,60.01596,51.50511,75.04324,33.50719,44.20213,43.7034,48.36598,42.40614,57.38467,45.62044,43.2647,41.58974,21.1172,5.34788,2.09308,3.91899,79.75842,63.1727,62.28326,45.97493,43.31465,53.28298,39.78523,40.42819,43.55435,35.4212,23.00496,29.95987,91.65623,78.50555,77.23728,70.40883,42.76615,57.97497,53.52342,68.15983,60.644,31.97634,24.99291,27.50698,48.2316,24.95438,22.29077,23.67063,29.93215,29.33631,19.23122,20.63999,21.36863,32.84926,3.05954,11.61343,3.04991,6.10945,3.04991,3.04991,0,0,0,0,0,0],"P":[0,0.99833,3.72379,5.47158,4.21699,12.55867,5.20141,5.61434,5.0018,4.8289,5.54429,4.84682,6.93088,4.1135,5.63266,4.57479,3.13861,1.64092,0,0,11.54156,2.09308,7.283,4.82332,4.75301,2.73023,0,4.58291,2.00752,7.283,8.0301,1.00376,0,3.04991,0,6.09982,6.10945,9.14973,0,0,0,6.09982,3.04991,9.69521,3.97205,3.04991,3.04991,3.04991,12.2189,0,6.10945,0,0,0,0,0,0,3.05954,0,0,0,0,0,0,0,3.05954]},{"s":"Strictly left handed women","c":[1,0.54902,0],"l":[38.64573,5.33333],"n":[5,10,23,42,61,64,91,104,99,116,105,113,106,109,120,109,73,1,5,1,89,77,57,51,48,50,49,43,36,40,34,49,44,26,33,41,33,47,36,25,29,23,31,18,23,12,18,14,15,16,10,1,8,2,6,1,5,3,0,2,1,1,1,1,0,0],"p":[0,0,2,6,7,6,11,6,7,9,9,16,11,7,8,11,8,1,0,0,7,5,4,8,5,8,5,2,6,3,5,6,3,5,3,2,3,1,1,0,5,3,2,1,0,1,3,1,1,1,3,0,0,0,0,0,0,0,0,0,0,0,0,0,0,0],"N":[3.35401,11.16152,22.03216,36.26543,55.39356,62.22546,86.70166,39.60451,39.54648,46.90155,38.60822,47.54471,46.99749,43.80953,46.30253,43.28109,28.14255,0.76041,3.95522,0.91908,86.83715,73.28744,47.77245,50.55389,42.28504,47.0003,45.02737,40.14055,32.33842,33.62888,29.46213,45.81381,102.51513,57.02005,63.0838,95.60988,67.65026,95.73939,87.17282,60.13511,53.63404,49.38407,66.87505,37.58545,60.51175,23.32195,51.06267,31.02747,30.02726,34.08338,18.11746,1.89276,14.6154,3.35335,11.65398,5.66136,9.03162,17.55464,0,4.08295,2.04147,1.89276,2.04147,2.04147,0,0],"P":[0,0,1.41017,6.24012,6.95371,5.51562,7.46536,3.5348,2.41771,3.16782,3.19275,5.96643,3.97577,2.71798,3.00702,3.98902,3.21768,0.91908,0,0,6.40304,3.20031,3.51766,6.71796,3.90898,5.79888,3.63736,2.28365,5.64263,1.67949,4.72355,5.19715,5.43506,13.10035,5.39482,3.93423,5.97571,1.89276,2.04147,0,12.95163,5.97571,3.78552,2.04147,0,2.04147,8.62546,1.89276,2.04147,2.04147,5.82699,0,0,0,0,0,0,0,0,0,0,0,0,0,0,0]}]}