{"name":"MHandSSex","seq":[{"i":[0],"y":[0,10],"t":[1,1,1,1,1,1]},{"i":[1,2],"y":[0,10],"t":[1,1,1,1,1,1]}],"type":"AgeCat","x":[18,92],"bins":[18,24,30,45,85],"xt":[20,30,40,50,60,70,80,90],"yt":[0,2,4,6,8,10],"z":1.64485,"series":[{"s":"Men who are strictly same sex attracted","c":[0,0,0],"l":[38.74372,2.36979],"n":[57,92,127,154,216,204,239,337,268,335,413,391,468,355,393,368,304,355,212,124,227,220,269,160,165,153,108,137,113,113,107,106,96,99,70,71,85,76,60,57,58,41,37,35,34,36,39,30,32,23,13,22,11,11,8,7,2,5,6,1,5,1,0,1,1,1,1,0,0,0,0,0,0,0],"p":[2,3,10,7,8,13,11,11,13,12,10,21,17,15,14,11,10,15,6,0,8,6,11,6,6,2,4,4,5,6,4,4,4,8,2,6,4,5,3,3,1,3,3,2,1,2,0,1,1,0,1,0,0,0,0,0,0,0,0,0,0,0,0,0,0,0,0,0,0,0,0,0,0,0],"N":[55.74183,86.03709,130.11232,157.21489,226.72536,206.2497,239.62103,138.31459,127.77058,150.11081,183.25322,180.1984,196.37092,162.0152,180.71606,171.50805,151.62666,288.41124,187.54796,106.32994,210.52932,184.74056,234.06284,132.97866,140.37154,137.64155,90.669,122.09715,92.79663,96.57628,93.58003,92.06953,398.15612,375.41258,215.89904,218.14874,301.17936,265.02036,209.81825,176.81214,209.90375,166.28651,107.4403,119.53718,115.043,149.93931,131.603,100.56949,110.12161,63.64661,44.82925,86.94407,37.28843,36.16524,22.97622,34.12893,7.07916,26.89588,21.69914,3.69347,17.85179,3.69347,0,3.53958,3.69347,0.99125,3.53958,0,0,0,0,0,0,0],"P":[2.36619,1.57772,11.91785,7.64102,8.28644,15.2057,9.91819,5.29967,7.55791,5.38591,5.44272,10.32098,9.21759,5.82342,4.50862,4.58694,5.67151,13.24918,4.53326,0,8.4453,4.06697,9.13427,5.05916,5.71906,1.83086,3.77496,3.66173,4.57716,5.3597,3.14332,3.03008,14.31221,21.15985,7.07916,21.39138,11.52555,15.4354,10.92651,8.13985,3.53958,7.07916,7.07916,7.23305,3.53958,4.60027,0,3.69347,3.53958,0,3.53958,0,0,0,0,0,0,0,0,0,0,0,0,0,0,0,0,0,0,0,0,0,0,0]},{"s":"Strictly left-handed men who are strictly same sex attracted","c":[1,0.27059,0],"l":[40.67839,4.66146],"n":[4,19,18,23,26,30,40,33,40,40,43,30,54,38,37,43,41,47,19,21,32,21,31,20,25,17,13,13,9,23,16,19,10,14,6,8,11,10,12,9,9,4,6,4,5,5,4,4,8,3,2,1,1,0,0,2,1,0,0,1,1,0,0,0,0,0,0,0,0,0,0,0,0,0],"p":[0,0,2,1,1,3,2,1,2,3,0,2,1,2,4,3,1,2,0,0,0,1,1,0,1,0,0,2,1,0,0,1,1,0,0,2,1,0,2,0,0,1,0,2,0,1,0,0,0,0,0,0,0,0,0,0,0,0,0,0,0,0,0,0,0,0,0,0,0,0,0,0,0,0],"N":[2.88341,19.69423,21.79763,25.93667,25.97859,30.54949,40.24786,18.06645,21.49706,19.21221,20.06087,12.49333,23.54146,18.07078,17.78147,22.14718,19.40822,39.50056,17.91952,21.03212,34.64103,20.46963,33.0433,16.3078,19.81599,16.0652,13.94425,12.11968,7.84611,17.00043,19.13094,15.35279,37.20686,92.69517,18.7586,28.62442,41.19926,34.05662,51.67295,26.14553,30.27275,14.31221,19.28275,14.31221,18.15956,18.00568,10.77263,15.96054,28.77831,10.61875,7.23305,3.53958,1.27708,0,0,7.23305,3.53958,0,0,3.69347,3.53958,0,0,0,0,0,0,0,0,0,0,0,0,0],"P":[0,0,2.16334,1.08995,1.03764,1.48218,1.79906,0.46343,1.04592,1.0966,0,1.01094,0.50547,0.40469,1.18226,1.68378,1.9629,1.83086,0,0,0,0.91543,1.02866,0,1.02866,0,0,1.83086,0.91543,0,0,0.28379,3.53958,0,0,7.07916,0.9068,0,7.23305,0,0,0,0,7.23305,0,0.9068,0,0,0,0,0,0,0,0,0,0,0,0,0,0,0,0,0,0,0,0,0,0,0,0,0,0,0,0]},{"s":"Strictly right-handed men who are strictly same sex attracted","c":[0.12549,0.69804,0.66667],"l":[41.25879,2.55208],"n":[52,72,107,125,179,166,191,285,216,287,359,349,404,310,346,317,252,295,185,100,195,196,231,133,135,131,92,121,103,87,90,84,82,84,64,60,71,66,47,47,48,37,30,29,29,31,34,26,24,19,11,19,9,11,8,5,1,5,6,0,4,1,0,1,1,1,1,0,0,0,0,0,0,0],"p":[2,3,8,6,7,8,7,9,10,9,10,18,15,12,10,8,9,11,6,0,8,5,7,6,5,2,4,1,4,6,4,3,3,7,2,4,3,5,1,3,1,2,2,0,1,1,0,1,1,0,1,0,0,0,0,0,0,0,0,0,0,0,0,0,0,0,0,0,0,0,0,0,0,0],"N":[51.82077,66.34287,107.87952,124.29015,191.42317,166.09355,190.03838,113.48684,101.10919,128.06576,159.01382,161.81584,170.14172,140.40812,158.3702,146.29407,127.66394,237.74505,164.31225,82.59543,175.88829,161.81466,196.95066,115.35019,115.19624,118.19835,74.78065,107.86282,83.92186,78.37663,73.53365,74.01434,337.74686,279.17784,197.14044,181.38447,251.84024,230.96375,157.23849,146.97314,178.7242,151.97429,87.25074,100.77858,96.88344,131.93363,117.29079,84.60895,81.3433,49.48828,37.5962,79.8649,32.47177,36.16524,22.97622,26.89588,3.53958,26.89588,21.69914,0,14.31221,3.69347,0,3.53958,3.69347,0.99125,3.53958,0,0,0,0,0,0,0],"P":[2.36619,1.57772,9.75451,6.55107,7.24879,11.54363,6.59402,4.75059,6.25818,4.28931,5.44272,8.76959,8.17167,5.41873,3.32636,2.90316,3.70861,11.41832,4.53326,0,8.4453,3.15154,5.60583,5.05916,4.69039,1.83086,3.77496,0.91543,3.66173,5.3597,3.14332,2.7463,10.77263,20.25304,7.07916,14.31221,10.61875,15.4354,3.69347,8.13985,3.53958,7.07916,7.07916,0,3.53958,3.69347,0,3.69347,3.53958,0,3.53958,0,0,0,0,0,0,0,0,0,0,0,0,0,0,0,0,0,0,0,0,0,0,0]}]}