{"name":"QueerBi","seq":[{"i":[0,1],"y":[0,18],"t":[1,1,1,1,1,1,1,1,1,1,0,0,0,0,0,0,0,0,0]},{"i":[0,1,2],"y":[0,18],"t":[1,1,1,1,1,1,1,1,1,1,0,0,0,0,0,0,0,0,0]},{"i":[3,4],"y":[0,100],"t":[1,0,0,0,0,1,0,0,0,0,1,1,1,1,1,1,1,1,1]}],"type":"AgeCat","x":[18,92],"bins":[18,24,30,45,60,72],"xt":[20,30,40,50,60,70,80,90],"yt":[0,2,4,6,8,10,12,14,16,18,20,30,40,50,60,70,80,90,100],"z":1.64485,"series":[{"s":"Bisexual","c":[0,0.39216,0],"l":[39.54271,11.09828],"n":[98,161,241,362,410,421,472,691,582,657,727,739,852,685,763,723,568,678,411,226,466,451,509,333,341,319,266,320,253,272,230,231,235,208,177,186,199,198,133,163,162,127,109,124,95,80,88,86,79,64,42,52,36,29,25,21,9,12,6,6,9,1,2,1,3,0,1,0,0,0,0,0,0,1],"p":[20,33,50,57,75,83,114,134,109,128,142,128,137,100,100,91,69,87,65,30,61,48,58,50,37,29,38,41,17,23,38,24,25,21,17,15,21,12,7,7,13,8,9,3,3,4,7,4,1,5,1,1,4,0,1,0,0,1,0,0,0,0,0,0,0,1,0,0,0,0,0,0,0,0],"N":[84.20928,133.17136,216.65307,319.01964,376.22674,372.36974,419.67572,267.82348,252.5269,283.05876,309.76551,325.4962,341.04256,292.75374,335.95796,312.37583,262.1892,508.12783,325.56859,179.86711,376.65387,348.55591,408.69968,263.61312,272.48738,261.18092,216.10327,257.95382,192.84821,220.98081,185.52745,184.97831,739.21653,674.81065,490.49166,546.56874,597.57063,597.67822,388.26363,464.56196,491.65639,367.76006,269.41618,367.52074,276.57229,268.23931,234.50599,231.62056,216.25571,157.10635,111.44678,155.06665,97.33946,80.94344,66.76219,73.22528,26.27086,51.12329,21.69914,16.50539,26.95953,3.69347,4.76996,3.53958,8.46342,0,3.53958,0,0,0,0,0,0,2.60107],"P":[18.66808,28.64945,44.79654,50.3703,67.06416,66.06142,90.72395,37.48603,38.35992,46.56529,50.67426,49.76416,54.35996,38.13851,33.33999,33.07165,26.52288,60.43319,43.76894,20.12799,39.20244,33.47214,39.54275,29.77231,28.1474,18.36561,23.86608,19.32965,7.79022,16.30025,19.68501,14.07462,49.88668,38.77999,69.14159,30.87587,36.36852,21.1182,14.92482,11.67387,25.27004,20.75971,14.20834,8.35624,4.44639,3.79611,22.77966,9.77581,3.69347,7.9768,3.69347,1.27708,12.2813,0,1.03409,0,0,2.16889,0,0,0,0,0,0,0,0.99125,0,0,0,0,0,0,0,0]},{"s":"Queer","c":[0.54118,0.16863,0.88627],"l":[38.38379,5.96993],"n":[105,172,243,367,428,441,519,745,616,707,784,790,914,729,802,754,598,712,450,248,504,481,549,367,359,335,289,346,262,281,262,245,252,215,188,196,213,199,134,163,165,132,115,124,96,82,93,85,79,68,42,51,40,29,25,21,9,13,6,6,9,1,2,1,3,1,1,0,0,0,0,0,0,1],"p":[13,22,48,52,57,63,67,80,75,78,85,77,75,56,61,60,39,53,26,8,23,18,18,16,19,13,15,15,8,14,6,10,8,14,6,5,7,11,6,7,10,3,3,3,2,2,2,5,1,1,1,2,0,0,1,0,0,0,0,0,0,0,0,0,0,0,0,0,0,0,0,0,0,0],"N":[90.40922,144.30605,217.35088,330.50914,392.01771,386.7913,455.73156,277.21174,263.97937,295.81414,330.15409,347.13691,365.96225,308.82325,346.68999,324.66901,274.07049,532.59725,351.20793,193.95937,397.55719,371.21246,437.52385,282.69944,286.33549,270.56096,231.00558,270.8689,195.0988,225.78313,200.41252,191.673,767.25023,689.78819,548.34997,563.07966,621.08764,585.67637,389.34012,457.84227,492.1842,384.92746,275.66701,369.82994,274.87803,267.43514,253.69333,227.9271,216.40959,164.04906,111.60066,155.30963,109.62076,80.94344,66.76219,73.22528,26.27086,53.29218,21.69914,16.50539,26.95953,3.69347,4.76996,3.53958,8.46342,0.99125,3.53958,0,0,0,0,0,0,2.60107],"P":[12.46814,17.51477,44.09872,38.8808,51.27319,51.63986,54.66811,28.09776,26.90745,33.8099,30.28568,28.12345,29.44028,22.06901,22.60796,20.77847,14.64158,35.96377,18.1296,6.03572,18.29912,10.81559,10.71859,10.68599,14.29929,8.98557,8.96377,6.41457,5.53963,11.49794,4.79994,7.37993,21.85298,23.80245,11.28329,14.36495,12.85151,33.12006,13.84833,18.39355,24.74223,3.59232,7.95752,6.04704,6.14065,4.60027,3.59232,13.46928,3.53958,1.03409,3.53958,1.03409,0,0,1.03409,0,0,0,0,0,0,0,0,0,0,0,0,0,0,0,0,0,0,0]},{"s":"Bisexual and queer","c":[1,0.27059,0],"l":[37.47927,0.98958],"n":[109,180,270,393,459,470,544,790,653,741,825,824,955,760,836,790,619,742,461,250,512,489,559,373,371,340,295,356,269,290,266,253,258,223,194,200,216,207,137,170,169,135,115,127,98,83,94,89,80,69,43,53,40,29,25,21,9,13,6,6,9,1,2,1,3,1,1,0,0,0,0,0,0,1],"p":[9,14,21,26,26,34,42,35,38,44,44,43,34,25,27,24,18,23,15,6,15,10,8,10,7,8,9,5,1,5,2,2,2,6,0,1,4,3,3,0,6,0,3,0,0,1,1,1,0,0,0,0,0,0,1,0,0,0,0,0,0,0,0,0,0,0,0,0,0,0,0,0,0,0],"N":[94.9553,150.26482,242.6736,348.88625,419.56969,409.34123,475.25935,294.42485,276.41669,309.58267,344.85821,359.62478,382.04235,320.27793,360.02218,335.51649,283.41121,552.97572,359.2972,196.32594,403.0005,376.20827,442.39545,285.9102,295.38262,274.72484,234.08787,275.24573,200.63843,232.89262,204.2378,197.99778,785.90023,705.32907,559.63326,576.45335,625.53403,610.05471,398.74206,476.23582,503.0948,388.51977,275.66701,375.87698,281.01868,271.12861,256.2944,237.85679,219.94918,165.08315,115.14024,156.34372,109.62076,80.94344,66.76219,73.22528,26.27086,53.29218,21.69914,16.50539,26.95953,3.69347,4.76996,3.53958,8.46342,0.99125,3.53958,0,0,0,0,0,0,2.60107],"P":[7.92206,11.556,18.776,20.50369,23.72122,29.08992,35.14032,10.88465,14.47013,20.04138,15.58156,15.63558,13.36018,10.61432,9.27578,9.931,5.30086,15.5853,10.04033,3.66916,12.85581,5.81978,5.84699,7.47523,5.25216,4.8217,5.88147,2.03774,0,4.38844,0.97465,1.05515,3.20299,8.26157,0,0.99125,8.40512,8.74172,4.44639,0,13.83162,0,7.95752,0,0,0.9068,0.99125,3.53958,0,0,0,0,0,0,1.03409,0,0,0,0,0,0,0,0,0,0,0,0,0,0,0,0,0,0,0]},{"s":"Queer people who are bisexual","c":[0,0.39216,0],"l":[36.32035,61.33676],"n":[4,8,27,26,31,29,25,45,37,34,41,34,41,31,34,36,21,30,11,2,8,8,10,6,12,5,6,10,7,9,4,8,6,8,6,4,3,8,3,7,4,3,0,3,2,1,1,4,1,1,1,2,0,0,0,0,0,0,0,0,0,0,0,0,0,0,0,0,0,0,0,0,0,0],"p":[9,14,21,26,26,34,42,35,38,44,44,43,34,25,27,24,18,23,15,6,15,10,8,10,7,8,9,5,1,5,2,2,2,6,0,1,4,3,3,0,6,0,3,0,0,1,1,1,0,0,0,0,0,0,1,0,0,0,0,0,0,0,0,0,0,0,0,0,0,0,0,0,0,0],"N":[4.54608,5.95877,25.32272,18.37711,27.55197,22.54993,19.52779,17.21311,12.43732,13.76853,14.70412,12.48787,16.0801,11.45468,13.33218,10.84747,9.34072,20.37847,8.08927,2.36656,5.44331,4.99581,4.8716,3.21076,9.04713,4.16388,3.08229,4.37683,5.53963,7.10949,3.82529,6.32478,18.64999,15.54087,11.28329,13.3737,4.44639,24.37834,9.40194,18.39355,10.91061,3.59232,0,6.04704,6.14065,3.69347,2.60107,9.9297,3.53958,1.03409,3.53958,1.03409,0,0,0,0,0,0,0,0,0,0,0,0,0,0,0,0,0,0,0,0,0,0],"P":[7.92206,11.556,18.776,20.50369,23.72122,29.08992,35.14032,10.88465,14.47013,20.04138,15.58156,15.63558,13.36018,10.61432,9.27578,9.931,5.30086,15.5853,10.04033,3.66916,12.85581,5.81978,5.84699,7.47523,5.25216,4.8217,5.88147,2.03774,0,4.38844,0.97465,1.05515,3.20299,8.26157,0,0.99125,8.40512,8.74172,4.44639,0,13.83162,0,7.95752,0,0,0.9068,0.99125,3.53958,0,0,0,0,0,0,1.03409,0,0,0,0,0,0,0,0,0,0,0,0,0,0,0,0,0,0,0]},{"s":"Bisexual people who are queer","c":[0.5451,0.27059,0.07451],"l":[45.36558,9.09655],"n":[11,19,29,31,49,49,72,99,71,84,98,85,103,75,73,67,51,64,50,24,46,38,50,40,30,21,29,36,16,18,36,22,23,15,17,14,17,9,4,7,7,8,6,3,3,3,6,3,1,5,1,1,4,0,0,0,0,1,0,0,0,0,0,0,0,1,0,0,0,0,0,0,0,0],"p":[9,14,21,26,26,34,42,35,38,44,44,43,34,25,27,24,18,23,15,6,15,10,8,10,7,8,9,5,1,5,2,2,2,6,0,1,4,3,3,0,6,0,3,0,0,1,1,1,0,0,0,0,0,0,1,0,0,0,0,0,0,0,0,0,0,0,0,0,0,0,0,0,0,0],"N":[10.74602,17.09346,26.02053,29.8666,43.34294,36.97149,55.58363,26.60137,23.88979,26.52391,35.0927,34.12858,40.99979,27.52419,24.06421,23.14065,21.22201,44.84789,33.72861,16.45883,26.34663,27.65236,33.69576,22.29708,22.89524,13.54391,17.9846,17.29191,7.79022,11.91181,18.71036,13.01947,46.6837,30.51841,69.14159,29.88462,27.9634,12.37649,10.47843,11.67387,11.43842,20.75971,6.25083,8.35624,4.44639,2.8893,21.78841,6.23623,3.69347,7.9768,3.69347,1.27708,12.2813,0,0,0,0,2.16889,0,0,0,0,0,0,0,0.99125,0,0,0,0,0,0,0,0],