{"name":"Flipped","seq":[{"i":[2],"y":[0,3],"t":[1,1,1,1,0,0,0]},{"i":[2,1],"y":[0,4.5],"t":[1,1,1,1,1,0,0]},{"i":[2,1,0],"y":[0,6],"t":[1,1,1,1,1,1,1]}],"type":"AgeCat","x":[18,92],"bins":[18,21,23,26,31,40,60,72],"xt":[20,25,30,35,40,45,50,55,60,65,70,75],"yt":[0,1,2,3,4,5,6],"z":1.64485,"series":[{"s":"Non gender-typical genitals","c":[0.54118,0.16863,0.88627],"l":[49.5848,1.54688],"n":[113,187,278,398,463,487,561,792,666,764,851,844,954,767,838,801,627,749,467,256,520,491,559,379,369,344,298,353,269,291,264,251,258,223,194,197,219,209,139,169,172,134,117,126,98,84,94,89,80,67,42,53,40,29,26,21,9,13,6,6,9,1,2,1,3,1,1,0,0,0,0,0,0,1],"p":[5,7,13,21,22,17,25,33,25,21,18,23,35,18,25,13,10,16,9,0,7,8,8,4,9,4,6,8,1,4,4,4,2,6,0,4,1,1,1,1,3,1,1,1,0,0,1,1,0,2,1,0,0,0,0,0,0,0,0,0,0,0,0,0,0,0,0,0,0,0,0,0,0,0],"N":[98.48962,157.42324,250.0666,351.21755,424.20916,426.2413,490.00189,297.39525,282.59481,323.04681,355.17667,367.5908,386.58675,325.54879,357.98153,340.19561,285.25779,558.70622,363.37649,199.9951,412.7555,377.53903,444.36449,291.4591,294.64035,277.57595,235.65128,274.23607,200.63843,233.93471,204.06322,195.83504,781.31424,682.1627,559.63326,568.50655,631.33808,618.79642,399.64887,474.06693,512.81664,388.51977,282.71772,374.5999,281.01868,272.03541,256.2944,240.36228,219.94918,160.48288,112.97135,156.34372,109.62076,80.94344,67.79629,73.22528,26.27086,53.29218,21.69914,16.50539,26.95953,3.69347,4.76996,3.53958,8.46342,0.99125,3.53958,0,0,0,0,0,0,2.60107],"P":[4.38774,4.39757,11.38301,18.17239,19.08175,12.18985,20.39777,7.91426,8.29201,6.57724,5.26311,7.66955,8.81578,5.34347,11.31642,5.25188,3.45429,9.8548,5.96104,0,3.10081,4.48902,3.87794,1.92633,5.99443,1.97058,4.31807,3.0474,0,3.34635,1.14923,3.21789,7.78898,31.42794,0,8.93805,2.60107,0,3.53958,2.16889,4.10979,0,0.9068,1.27708,0,0,0.99125,1.03409,0,4.60027,2.16889,0,0,0,0,0,0,0,0,0,0,0,0,0,0,0,0,0,0,0,0,0,0,0]},{"s":"Trans","c":[1,0.27059,0],"l":[39.85835,0.73438],"n":[114,189,276,403,471,492,571,805,674,768,854,853,959,772,838,803,630,752,470,251,520,496,560,378,376,344,300,352,268,291,266,251,258,227,191,200,220,210,137,168,173,134,117,126,97,84,94,90,80,69,43,53,40,29,26,21,9,13,6,6,9,1,2,1,3,1,1,0,0,0,0,0,0,1],"p":[4,5,15,16,14,12,15,20,17,17,15,14,30,13,25,11,7,13,6,5,7,3,7,5,2,4,4,9,2,4,2,4,2,2,3,1,0,0,3,2,2,1,1,1,1,0,1,0,0,0,0,0,0,0,0,0,0,0,0,0,0,0,0,0,0,0,0,0,0,0,0,0,0,0],"N":[98.75796,158.43546,247.54927,354.90862,434.94587,430.11485,496.29728,300.71728,286.10374,325.29032,357.09621,370.95235,386.54543,326.4831,360.55137,341.96199,287.14179,562.88815,365.55514,197.15507,412.32039,380.93842,444.84442,289.87146,298.86682,276.66052,238.63002,273.52813,200.35465,235.0263,204.64489,195.65107,781.74641,711.5653,556.74395,576.5378,633.93915,618.79642,398.37179,471.78943,513.76629,388.51977,282.71772,374.5999,277.32521,272.03541,256.2944,241.39638,219.94918,165.08315,115.14024,156.34372,109.62076,80.94344,67.79629,73.22528,26.27086,53.29218,21.69914,16.50539,26.95953,3.69347,4.76996,3.53958,8.46342,0.99125,3.53958,0,0,0,0,0,0,2.60107],"P":[4.1194,3.38536,13.90034,14.48132,8.34503,8.3163,14.10238,4.59222,4.78308,4.33372,3.34356,4.30801,8.8571,4.40915,8.74659,3.4855,1.57029,5.67287,3.78239,2.84002,3.53592,1.08963,3.39801,3.51397,1.76796,2.88601,1.33933,3.75534,0.28379,2.25476,0.56757,3.40185,7.3568,2.02534,2.8893,0.9068,0,0,4.81666,4.44639,3.16014,0,0.9068,1.27708,3.69347,0,0.99125,0,0,0,0,0,0,0,0,0,0,0,0,0,0,0,0,0,0,0,0,0,0,0,0,0,0,0]},{"s":"Male, female flipped from birth assignment","c":[0.12549,0.69804,0.66667],"l":[35.68153,0.13273],"n":[117,192,281,409,477,495,581,821,681,777,864,863,981,780,854,808,635,763,474,256,524,499,564,379,377,346,304,359,270,293,267,252,259,228,194,201,219,210,139,170,175,135,118,127,98,83,95,90,80,69,43,53,40,29,26,21,9,13,6,6,9,1,2,1,3,0,1,0,0,0,0,0,0,1],"p":[1,2,10,10,8,9,5,4,10,8,5,4,8,5,9,6,2,2,2,0,3,0,3,4,1,2,0,2,0,2,1,3,1,1,0,0,1,0,1,0,0,0,0,0,0,1,0,0,0,0,0,0,0,0,0,0,0,0,0,0,0,0,0,0,0,1,0,0,0,0,0,0,0,0],"N":[101.78741,161.2489,251.8205,360.2698,437.7582,431.64804,504.74909,303.52349,287.2099,325.89245,358.85075,373.45996,391.65769,330.31803,364.22371,342.75119,288.20327,566.79306,367.45634,199.9951,413.17292,382.02805,446.50289,290.98951,299.78225,277.77857,239.96935,276.38998,200.63843,235.4502,204.92867,197.97912,783.9153,712.68384,559.63326,577.4446,630.39957,618.79642,399.64887,476.23582,516.92643,388.51977,283.62453,375.87698,281.01868,271.04417,257.28565,241.39638,219.94918,165.08315,115.14024,156.34372,109.62076,80.94344,67.79629,73.22528,26.27086,53.29218,21.69914,16.50539,26.95953,3.69347,4.76996,3.53958,8.46342,0,3.53958,0,0,0,0,0,0,2.60107],"P":[1.08995,0.57191,9.62911,9.12014,5.5327,6.78311,5.65057,1.78602,3.67692,3.7316,1.58902,1.8004,3.74484,0.57422,5.07425,2.69629,0.50881,1.76796,1.88119,0,2.68339,0,1.73954,2.39592,0.85253,1.76796,0,0.89349,0,1.83086,0.28379,1.0738,5.18791,0.9068,0,0,3.53958,0,3.53958,0,0,0,0,0,0,0.99125,0,0,0,0,0,0,0,0,0,0,0,0,0,0,0,0,0,0,0,0.99125,0,0,0,0,0,0,0,0]}]}