{"name":"FHandOMB","seq":[{"i":[0],"y":[0,4],"t":[1,1,1,1,1]},{"i":[1,2],"y":[0,4],"t":[1,1,1,1,1]}],"type":"AgeCat","x":[18,92],"bins":[18,24,30,45,85],"xt":[20,30,40,50,60,70,80,90],"yt":[0,1,2,3,4],"z":1.64485,"series":[{"s":"Strictly left-handed women who were assigned male at birth","c":[0,0,0],"l":[43.11055,1.16667],"n":[54,94,147,242,246,276,314,457,388,422,430,434,473,401,435,424,314,378,250,131,285,266,280,214,201,190,186,215,152,171,155,144,158,117,122,120,129,128,76,109,114,90,77,89,63,46,56,59,47,44,28,31,29,18,18,14,7,8,0,5,4,0,2,0,2,0,0,0,0,0,0,0,0,1],"p":[1,0,3,4,1,1,3,0,7,2,1,2,6,1,3,3,0,1,1,0,2,0,0,1,0,1,0,1,0,2,1,0,1,1,0,0,1,0,1,0,0,0,0,0,0,0,0,0,0,0,0,0,0,0,0,0,0,0,0,0,0,0,0,0,0,0,0,0,0,0,0,0,0,0],"N":[40.3816,70.38035,114.00724,190.85026,193.64011,208.52231,242.56608,157.64764,148.95292,169.35891,167.41772,177.6719,180.88249,157.74753,173.18829,165.40165,128.35535,254.79029,172.1478,93.66515,194.82955,188.93412,202.21606,154.2738,150.71472,138.95606,141.21379,149.33907,103.26464,131.79611,107.53602,103.73204,368.8459,286.62436,336.65505,328.96643,315.09359,338.34066,178.90411,289.11494,300.2801,215.1541,168.19826,247.82967,162.43609,117.49584,125.68264,137.13342,106.28799,96.83628,64.60252,69.39966,72.33232,44.7782,44.82007,39.09636,19.1917,26.3963,0,12.81192,9.10774,0,4.76996,0,4.76996,0,0,0,0,0,0,0,0,2.60107],"P":[1.08995,0,3.6583,4.35979,1.08995,1.08995,3.71061,0,2.27885,1.01094,0.08566,0.86576,3.65559,0,2.97881,1.30601,0,0.91543,1.02866,0,1.83086,0,0,0,0,0.91543,0,0.20262,0,1.83086,0.28379,0,5.18791,0.9068,0,0,3.53958,0,3.53958,0,0,0,0,0,0,0,0,0,0,0,0,0,0,0,0,0,0,0,0,0,0,0,0,0,0,0,0,0,0,0,0,0,0,0]},{"s":"Strictly left-handed women who were assigned male at birth","c":[1,0.27059,0],"l":[38.88191,1.78125],"n":[4,10,9,25,30,39,35,52,41,46,52,37,56,36,45,39,21,35,33,11,31,24,29,20,18,16,23,14,14,23,15,18,28,15,13,10,11,15,6,8,11,6,12,12,1,3,3,9,4,5,4,5,1,1,1,0,2,1,0,0,2,0,0,0,0,0,0,0,0,0,0,0,0,0],"p":[0,0,0,1,0,0,1,0,1,0,1,1,0,0,0,0,0,0,0,0,0,0,0,0,0,0,0,1,0,0,0,0,0,0,0,0,0,0,0,0,0,0,0,0,0,0,0,0,0,0,0,0,0,0,0,0,0,0,0,0,0,0,0,0,0,0,0,0,0,0,0,0,0,0],"N":[3.63907,7.10769,6.87515,18.90501,23.20261,27.18043,27.69927,18.97821,14.38862,18.31215,18.82724,14.81465,20.89173,14.7307,17.98567,15.66653,9.48749,22.78628,22.08394,7.10753,21.62043,17.03415,20.63759,17.35945,15.54744,11.11254,17.87572,8.63847,5.57452,18.78714,10.19091,14.86283,61.98578,41.69824,37.27809,28.26073,23.41762,41.26525,12.70006,26.82848,23.70625,13.80317,22.67215,34.36925,2.60107,9.65178,6.19338,23.54064,8.79445,12.42259,7.37103,11.27663,2.16889,2.16889,2.60107,0,4.76996,2.60107,0,0,4.76996,0,0,0,0,0,0,0,0,0,0,0,0,0],"P":[0,0,0,1.08995,0,0,1.53071,0,0.08566,0,0.08566,0.15088,0,0,0,0,0,0,0,0,0,0,0,0,0,0,0,0.20262,0,0,0,0,0,0,0,0,0,0,0,0,0,0,0,0,0,0,0,0,0,0,0,0,0,0,0,0,0,0,0,0,0,0,0,0,0,0,0,0,0,0,0,0,0,0]},{"s":"Strictly right-handed women who were assigned male at birth","c":[0.12549,0.69804,0.66667],"l":[48.25126,0.95833],"n":[47,81,137,214,210,235,272,389,334,370,365,383,410,358,385,380,289,331,214,118,251,233,245,190,177,173,159,192,136,144,135,122,128,98,105,108,116,110,67,99,101,82,64,77,61,43,51,48,43,38,24,25,28,17,16,13,5,7,0,5,2,0,2,0,2,0,0,0,0,0,0,0,0,1],"p":[1,0,3,3,1,1,2,0,6,2,0,1,6,1,3,3,0,1,1,0,2,0,0,1,0,1,0,0,0,2,0,0,1,1,0,0,1,0,1,0,0,0,0,0,0,0,0,0,0,0,0,0,0,0,0,0,0,0,0,0,0,0,0,0,0,0,0,0,0,0,0,0,0,0],"N":[34.16994,60.24228,106.04168,169.37266,165.73588,180.49233,210.10646,134.72967,129.49717,149.48245,144.0703,158.83122,158.78838,140.83993,154.00804,148.24002,117.35672,227.6372,149.01519,85.50895,172.12596,169.16091,177.58454,134.46381,132.84866,125.66465,120.914,135.40659,96.64145,108.30731,95.35481,87.11087,302.09016,237.74149,291.91073,290.18626,284.97324,292.30545,161.86627,261.29521,274.54851,197.71577,142.92504,213.46043,158.80093,107.84406,115.8541,111.56744,97.49353,81.81262,57.2315,57.08893,70.16343,42.60931,40.05011,36.92747,14.42174,23.79523,0,12.81192,4.33778,0,4.76996,0,4.76996,0,0,0,0,0,0,0,0,2.60107],"P":[1.08995,0,3.6583,3.26984,1.08995,1.08995,2.17989,0,2.1932,1.01094,0,0.71488,3.65559,0,2.97881,1.30601,0,0.91543,1.02866,0,1.83086,0,0,0,0,0.91543,0,0,0,1.83086,0,0,5.18791,0.9068,0,0,3.53958,0,3.53958,0,0,0,0,0,0,0,0,0,0,0,0,0,0,0,0,0,0,0,0,0,0,0,0,0,0,0,0,0,0,0,0,0,0,0]}]}