{"name":"HandedLR","caption":"Handedness.","seq":[{"i":[0],"y":[0,15],"t":[1,1,1,1,1,1,1,1,0,0,0,0,0,0,0,0,0]},{"i":[0,1],"y":[0,100],"t":[1,0,0,0,0,1,0,0,1,1,1,1,1,1,1,1,1]}],"type":"AgeCat","x":[18,84],"bins":[18,21,25,30,40,50,80],"xt":[20,30,40,50,60,70,80,90],"yt":[0,2,4,6,8,10,12,14,20,30,40,50,60,70,80,90,100],"z":1.64485,"series":[{"s":"Strictly left handed","c":[1,0.27059,0],"l":[36.65578,12.34379],"n":[18,36,60,89,146,131,191,189,219,236,234,229,248,224,238,217,131,5,7,6,159,135,117,100,90,97,84,80,73,70,58,78,66,45,59,63,47,67,55,40,47,33,41,27,39,20,25,19,25,26,16,5,15,10,7,5,6,5,1,3,1,1,1,1,0,0],"p":[0,2,6,12,14,22,19,22,19,22,24,29,24,19,23,24,16,3,0,0,17,7,12,13,10,11,5,4,8,11,13,7,3,6,3,4,5,5,1,0,5,6,3,4,1,2,4,2,5,1,5,0,0,0,0,0,0,1,0,0,0,0,0,0,0,1],"N":[11.39302,31.45893,56.13288,75.91486,115.40952,113.73057,161.7449,73.1117,83.74861,90.60496,86.97421,89.95085,104.38217,89.42997,89.56723,84.87082,49.25975,6.10828,6.0483,4.83807,166.59557,136.46014,110.05571,96.52882,85.59968,100.28328,84.81259,80.56873,75.89278,69.05009,52.46708,75.77368,194.17136,135.52561,140.32109,166.01872,110.41641,153.71436,140.69623,128.29494,114.27805,81.36041,91.86796,65.09243,108.74335,48.27633,73.35343,54.6981,59.9594,63.41969,37.34869,22.53275,35.98402,36.20261,14.71352,17.27479,12.08153,23.66409,3.04991,7.13286,2.04147,1.89276,2.04147,2.04147,0,0],"P":[0,0.99833,5.13396,11.7117,11.17069,18.07429,12.66676,9.14913,7.41951,7.99672,8.73704,10.81325,10.90665,6.83148,8.63968,8.5638,6.35629,2.56,0,0,17.9446,5.29339,10.80066,11.54128,8.66199,8.52912,3.63736,6.86656,7.65015,8.9625,12.75365,6.20091,5.43506,16.15025,5.39482,10.03405,12.08516,11.04248,2.04147,0,12.95163,12.07552,6.83542,11.73668,3.97205,5.09138,11.67537,4.94267,14.26038,2.04147,11.93644,0,0,0,0,0,0,3.05954,0,0,0,0,0,0,0,3.05954]},{"s":"Strictly right handed","c":[0,0,0],"l":[40.22111,87.23958],"n":[0,3,10,24,29,34,35,42,54,43,54,51,48,40,44,48,28,4,1,0,32,27,24,21,19,22,13,15,14,21,22,16,13,15,12,13,10,17,10,5,11,10,7,5,6,4,7,4,8,7,6,0,2,0,1,1,2,1,0,0,0,0,0,0,0,1],"p":[18,35,56,77,131,119,175,169,184,215,204,207,224,203,217,193,119,4,6,6,144,115,105,92,81,86,76,69,67,60,49,69,56,36,50,54,42,55,46,35,41,29,37,26,34,18,22,17,22,20,15,5,13,10,6,4,4,5,1,3,1,1,1,1,0,0],"N":[0,0.99833,7.74663,19.40204,20.46448,29.639,25.36351,16.1069,21.9419,14.25415,19.15785,19.2212,20.40914,13.71662,16.24031,16.50444,11.97141,3.64932,0.76041,0,33.76196,21.68947,24.07092,18.6688,17.04621,21.24734,12.18177,16.16437,14.77308,17.84099,20.64561,14.69703,54.31192,52.69707,27.01863,31.59164,22.86445,39.5438,25.97871,13.13141,24.01872,20.95242,15.14107,16.96856,17.06564,9.45317,18.80823,18.45514,22.4113,17.11312,14.98635,0,5.09138,0,2.04147,3.04991,3.20463,3.05954,0,0,0,0,0,0,0,3.05954],"P":[11.39302,31.45893,53.52021,68.22452,106.11573,102.16586,149.04816,66.15394,69.22623,84.34752,76.5534,81.5429,94.87967,82.54483,81.9666,76.93019,43.64463,5.01897,5.28789,4.83807,150.77821,120.06406,96.78545,89.4013,77.21546,87.56505,76.26818,71.27092,68.76985,60.1716,44.57512,67.27757,145.29449,98.97879,118.69728,144.46113,99.63712,125.21305,116.759,115.16354,103.21096,72.48351,83.56231,59.86055,95.64976,43.91455,66.22058,41.18563,51.80848,48.34805,34.29878,22.53275,30.89264,36.20261,12.67205,14.22488,8.8769,23.66409,3.04991,7.13286,2.04147,1.89276,2.04147,2.04147,0,0]}]}