{"name":"HandSwitched","seq":[{"i":[0],"y":[0,5],"t":[1,1,1,1,1,1,0,0,0,0,0,0,0,0]},{"i":[0,1],"y":[0,20],"t":[1,0,1,0,1,0,1,1,1,1,1,1,1,1]}],"type":"AgeCat","x":[18,84],"bins":[18,22,26,30,45,85],"xt":[20,30,40,50,60,70,80,90],"yt":[0,1,2,3,4,5,6,8,10,12,14,16,18,20],"z":1.64485,"series":[{"s":"Strictly right handed people forced to switch","c":[0,0,0],"l":[44.03518,3.93229],"n":[18,34,55,75,126,114,173,165,183,210,197,203,219,196,210,188,117,4,6,6,142,114,104,91,78,83,75,68,65,58,46,68,55,35,50,54,39,55,45,34,40,29,37,26,33,18,22,17,20,18,15,5,11,10,6,4,4,5,1,3,1,1,1,1,0,0],"p":[0,1,1,2,5,5,2,4,1,5,7,4,5,7,7,5,2,0,0,0,2,1,1,1,3,3,1,1,2,2,3,1,1,1,0,0,3,0,1,1,1,0,0,0,1,0,0,0,2,2,0,0,2,0,0,0,0,0,0,0,0,0,0,0,0,0],"N":[11.39302,30.7073,52.29802,67.14696,102.74104,96.71797,147.61384,64.9871,68.79183,82.15344,74.46656,80.19931,92.88612,80.0392,79.56806,74.80171,42.90085,5.01897,5.28789,4.83807,148.94004,119.14498,95.63372,88.64089,75.17839,84.71156,73.75134,70.1816,67.00568,58.07851,42.31634,66.35848,142.24458,95.92888,118.69728,144.46113,90.47776,125.21305,114.71752,112.10399,103.21096,72.48351,83.56231,59.86055,92.59985,43.91455,66.22058,41.18563,47.87425,44.41382,34.29878,22.53275,27.35034,36.20261,12.67205,14.22488,8.8769,23.66409,3.04991,7.13286,2.04147,1.89276,2.04147,2.04147,0,0],"P":[0,0.75163,1.22219,1.07756,3.37469,5.4479,1.43432,1.16684,0.4344,2.19408,2.08684,1.34359,1.99356,2.50564,2.39855,2.12848,0.74378,0,0,0,1.83817,0.91908,1.15173,0.76041,2.03707,2.85349,2.51683,1.08932,1.76417,2.09308,2.25878,0.91908,3.04991,3.04991,0,0,9.15936,0,2.04147,3.05954,0,0,0,0,3.04991,0,0,0,3.93423,3.93423,0,0,3.5423,0,0,0,0,0,0,0,0,0,0,0,0,0]},{"s":"Non strictly right handed people forced to switch","c":[1,0.27059,0],"l":[43.28894,16.06771],"n":[0,3,9,21,25,32,29,42,48,37,52,49,44,35,35,46,23,4,1,0,30,22,21,18,17,18,10,11,10,17,20,14,11,13,8,11,8,15,9,5,8,9,7,5,6,4,7,4,6,4,6,0,2,0,1,1,1,1,0,0,0,0,0,0,0,1],"p":[0,0,1,3,4,2,6,0,6,6,2,2,4,5,9,2,5,0,0,0,2,5,3,3,2,4,3,4,4,4,2,2,2,2,4,2,2,2,1,0,3,1,0,0,0,0,0,0,2,3,0,0,0,0,0,0,1,0,0,0,0,0,0,0,0,0],"N":[0,0.99833,7.5345,18.58645,17.85831,27.94922,21.13247,16.1069,17.82562,12.14436,18.41407,18.3465,19.08752,12.20659,12.72753,15.88801,9.97785,3.64932,0.76041,0,31.92379,18.12036,19.2212,16.1088,15.53141,17.64501,8.08478,11.91579,11.17075,14.63547,18.63721,12.57205,49.22054,32.45811,19.6552,27.50869,17.77307,35.60956,22.38333,13.13141,19.07605,19.05967,15.14107,16.96856,17.06564,9.45317,18.80823,18.45514,16.31148,9.17433,14.98635,0,5.09138,0,2.04147,3.04991,1.31187,3.05954,0,0,0,0,0,0,0,3.05954],"P":[0,0,0.21213,0.81559,2.60617,1.68978,4.23104,0,4.11627,2.10979,0.74378,0.8747,1.32162,1.51002,3.51278,0.61643,1.99356,0,0,0,1.83817,3.56911,4.84972,2.56,1.51481,3.60234,4.09699,4.24858,3.60234,3.20552,2.0084,2.12497,5.09138,20.23896,7.36343,4.08295,5.09138,3.93423,3.59539,0,4.94267,1.89276,0,0,0,0,0,0,6.09982,7.93878,0,0,0,0,0,0,1.89276,0,0,0,0,0,0,0,0,0]}]}