{"name":"Intersex","seq":[{"i":[0],"y":[0,2],"t":[1,1,1,0]},{"i":[0,1],"y":[0,3],"t":[1,1,1,1]}],"type":"AgeCat","x":[18,92],"bins":[18,21,24,28,36,48,82],"xt":[20,30,40,50,60,70,80,90],"yt":[0,1,2,3],"z":1.64485,"series":[{"s":"Intersex","c":[0.54118,0.16863,0.88627],"l":[39.24906,1.07813],"n":[118,194,290,416,481,498,578,776,672,750,835,820,944,763,835,797,619,734,462,248,512,490,548,373,371,342,294,348,263,282,258,246,253,220,189,195,216,207,135,164,173,131,117,125,98,81,94,88,79,68,43,52,40,29,26,21,9,13,6,6,9,1,2,1,3,0,1,0,0,0,0,0,0,1],"p":[0,0,1,3,4,6,8,49,19,35,34,47,45,22,28,17,18,31,14,8,15,9,19,10,7,6,10,13,7,13,10,9,7,9,5,6,4,3,5,6,2,4,1,2,0,3,1,2,1,1,0,1,0,0,0,0,0,0,0,0,0,0,0,0,0,1,0,0,0,0,0,0,0,0],"N":[102.87736,161.82082,261.04361,367.17825,440.22966,435.10156,506.75165,298.11038,287.9816,323.14503,353.62768,367.83539,387.70763,328.05792,363.24371,343.20894,285.16437,554.267,363.64374,197.36023,412.67094,379.81979,442.68197,289.002,293.94176,276.34367,236.08063,272.4751,199.44861,229.47422,201.67415,194.31985,774.33381,701.13144,554.56007,561.13928,631.09145,615.72073,399.19096,466.57736,515.93518,372.78757,282.71772,371.43059,281.01868,270.13736,253.74607,237.76121,218.6721,163.80608,115.14024,155.43692,109.62076,80.94344,67.79629,73.22528,26.27086,53.29218,21.69914,16.50539,26.95953,3.69347,4.76996,3.53958,8.46342,0,3.53958,0,0,0,0,0,0,2.60107],"P":[0,0,0.406,2.21169,3.06124,3.32959,3.64801,7.19912,2.90522,6.47902,6.81209,7.42496,7.6949,2.83434,6.05425,2.23855,3.54771,14.29402,5.69379,2.63487,3.18537,2.20826,5.56046,4.38343,6.69302,3.20287,3.88872,4.80837,1.18982,7.80684,3.5383,4.73308,14.76941,12.4592,5.07318,16.30532,2.8477,3.0757,3.99749,9.65846,0.99125,15.7322,0.9068,4.44639,0,1.89805,3.53958,3.63516,1.27708,1.27708,0,0.9068,0,0,0,0,0,0,0,0,0,0,0,0,0,0.99125,0,0,0,0,0,0,0,0]},{"s":"Both or neither vagina, penis","c":[0.12549,0.69804,0.66667],"l":[46.93719,2.50731],"n":[118,194,288,415,484,499,577,751,673,750,836,816,919,749,808,778,620,704,464,247,513,485,537,362,369,336,295,348,261,291,257,248,257,224,189,195,211,207,137,163,171,127,110,123,96,84,92,88,80,66,42,52,40,28,25,21,9,13,6,6,9,1,2,1,3,1,1,0,0,0,0,0,0,1],"p":[0,0,3,4,1,5,9,74,18,35,33,51,70,36,55,36,17,61,12,9,14,14,30,21,9,12,9,13,9,4,11,7,3,5,5,6,9,3,3,7,4,8,8,4,2,0,3,2,0,3,1,1,0,1,1,0,0,0,0,0,0,0,0,0,0,0,0,0,0,0,0,0,0,0],"N":[102.87736,161.82082,261.04361,364.34673,442.45543,436.48847,506.74927,293.51848,286.63511,324.51342,355.632,363.82601,383.71826,323.22975,356.81135,337.24566,285.35067,539.16621,365.93881,197.7838,411.87754,373.80937,434.5037,282.91326,297.33134,272.42256,235.5052,273.46253,196.90591,235.3389,200.9685,196.2479,786.08662,706.86479,553.66826,564.03101,622.76691,612.93407,399.55329,471.40562,512.76005,376.4229,275.95027,371.06032,277.5108,272.03541,242.58754,238.23624,219.94918,162.151,111.44678,155.30963,109.62076,77.40386,65.19522,73.22528,26.27086,53.29218,21.69914,16.50539,26.95953,3.69347,4.76996,3.53958,8.46342,0.99125,3.53958,0,0,0,0,0,0,2.60107],"P":[0,0,0.406,5.04321,0.83548,1.94268,3.6504,11.79103,4.25171,5.11063,4.80777,11.43434,11.68427,7.6625,12.48661,8.20183,3.36141,29.39481,3.39872,2.21129,3.97877,8.21868,13.73874,10.47217,3.30343,7.12398,4.46414,3.82094,3.73252,1.94216,4.24396,2.80503,3.01659,6.72585,5.965,13.41359,11.17224,5.86236,3.63516,4.8302,4.16638,12.09687,7.67425,4.81666,3.50787,0,14.69811,3.16014,0,2.93215,3.69347,1.03409,0,3.53958,2.60107,0,0,0,0,0,0,0,0,0,0,0,0,0,0,0,0,0,0,0]}]}