{"name":"IntersexAAB","seq":[{"i":[0],"y":[0,2],"t":[1,1,1,0,0,0,0,0,0,0,0,0,0,0]},{"i":[1,2],"y":[0,3],"t":[1,1,1,1,0,0,0,0,0,0,0,0,0,0]},{"i":[3,4],"y":[0,100],"t":[1,0,0,0,1,1,1,1,1,1,1,1,1,1]}],"type":"AgeCat","x":[18,92],"bins":[18,21,24,40,58,74],"xt":[20,30,40,50,60,70,80,90],"yt":[0,1,2,3,10,20,30,40,50,60,70,80,90,100],"z":1.64485,"series":[{"s":"Intersex","c":[0,0,0],"l":[36.82067,1.18636],"n":[118,194,290,416,481,498,578,776,672,750,835,820,944,763,835,797,619,734,462,248,512,490,548,373,371,342,294,348,263,282,258,246,253,220,189,195,216,207,135,164,173,131,117,125,98,81,94,88,79,68,43,52,40,29,26,21,9,13,6,6,9,1,2,1,3,0,1,0,0,0,0,0,0,1],"p":[0,0,1,3,4,6,8,49,19,35,34,47,45,22,28,17,18,31,14,8,15,9,19,10,7,6,10,13,7,13,10,9,7,9,5,6,4,3,5,6,2,4,1,2,0,3,1,2,1,1,0,1,0,0,0,0,0,0,0,0,0,0,0,0,0,1,0,0,0,0,0,0,0,0],"N":[102.87736,161.82082,261.04361,367.17825,440.22966,435.10156,506.75165,298.11038,287.9816,323.14503,353.62768,367.83539,387.70763,328.05792,363.24371,343.20894,285.16437,554.267,363.64374,197.36023,412.67094,379.81979,442.68197,289.002,293.94176,276.34367,236.08063,272.4751,199.44861,229.47422,201.67415,194.31985,774.33381,701.13144,554.56007,561.13928,631.09145,615.72073,399.19096,466.57736,515.93518,372.78757,282.71772,371.43059,281.01868,270.13736,253.74607,237.76121,218.6721,163.80608,115.14024,155.43692,109.62076,80.94344,67.79629,73.22528,26.27086,53.29218,21.69914,16.50539,26.95953,3.69347,4.76996,3.53958,8.46342,0,3.53958,0,0,0,0,0,0,2.60107],"P":[0,0,0.406,2.21169,3.06124,3.32959,3.64801,7.19912,2.90522,6.47902,6.81209,7.42496,7.6949,2.83434,6.05425,2.23855,3.54771,14.29402,5.69379,2.63487,3.18537,2.20826,5.56046,4.38343,6.69302,3.20287,3.88872,4.80837,1.18982,7.80684,3.5383,4.73308,14.76941,12.4592,5.07318,16.30532,2.8477,3.0757,3.99749,9.65846,0.99125,15.7322,0.9068,4.44639,0,1.89805,3.53958,3.63516,1.27708,1.27708,0,0.9068,0,0,0,0,0,0,0,0,0,0,0,0,0,0.99125,0,0,0,0,0,0,0,0]},{"s":"Intersex if assigned male at birth","c":[0.11765,0.56471,1],"l":[36.00283,0.35436],"n":[63,94,132,158,225,209,250,332,284,335,404,386,468,350,390,368,307,357,213,119,230,224,265,150,164,151,110,134,115,115,105,103,98,103,69,75,86,78,60,55,57,41,39,36,35,34,37,30,32,23,14,19,11,11,8,7,2,5,6,1,5,1,0,1,1,0,1,0,0,0,0,0,0,0],"p":[0,0,0,0,0,1,5,12,4,7,14,26,22,12,17,11,6,16,3,5,3,2,12,8,5,4,3,6,2,5,7,3,2,5,3,3,2,2,4,3,0,2,1,2,0,1,1,0,1,1,0,1,0,0,0,0,0,0,0,0,0,0,0,0,0,0,0,0,0,0,0,0,0,0],"N":[61.64621,88.57361,139.71766,167.07601,239.84593,218.50926,254.53299,141.85434,137.81135,153.49194,184.37602,189.02679,207.20643,167.1375,187.96484,175.26025,156.48761,301.27832,191.93328,103.89122,219.18276,190.15199,240.66206,132.00396,142.17836,137.50184,94.15195,123.35032,96.96855,102.83168,95.38295,93.17445,411.19126,420.70046,219.88752,237.13887,314.43088,279.54896,220.28685,179.44491,213.44334,159.65881,114.51946,123.60092,118.58258,152.64152,128.06342,104.26295,112.38411,66.9698,48.36883,86.03726,37.28843,36.16524,22.97622,34.12893,7.07916,26.89588,21.69914,3.69347,17.85179,3.69347,0,3.53958,3.69347,0,3.53958,0,0,0,0,0,0,0],"P":[0,0,0,0,0,0.26835,3.10457,1.66063,0.17131,1.69341,3.64637,4.15735,3.62575,1.76394,3.03716,1.97082,1.56651,7.0097,0.60786,2.43872,0.77019,0.48641,3.42863,3.63794,5.80601,2.2361,1.32067,2.83574,0.40524,1.80708,2.29349,0.85136,6.46499,5.27457,3.09069,7.00152,1.81361,0.9068,3.99749,5.50708,0,13.70686,0.9068,4.44639,0,0.9068,3.53958,0,1.27708,1.27708,0,0.9068,0,0,0,0,0,0,0,0,0,0,0,0,0,0,0,0,0,0,0,0,0,0]},{"s":"Intersex if assigned female at birth","c":[1,0.54902,0],"l":[29.37249,2.28327],"n":[55,100,157,254,255,282,319,430,381,406,422,421,460,401,434,424,304,364,245,128,272,259,277,214,198,185,181,210,146,164,150,140,153,114,118,119,127,124,73,105,115,86,75,86,63,46,56,57,47,44,29,31,29,18,18,14,7,8,0,5,4,0,2,0,2,0,0,0,0,0,0,0,0,1],"p":[0,0,1,3,4,4,2,33,14,26,16,19,19,8,10,4,11,15,9,1,9,6,5,1,2,2,7,7,4,8,3,6,5,4,2,3,1,1,0,3,1,2,0,0,0,1,0,2,0,0,0,0,0,0,0,0,0,0,0,0,0,0,0,0,0,1,0,0,0,0,0,0,0,0],"N":[41.23115,73.24721,121.32595,200.10225,200.38373,216.5923,252.21866,156.25604,150.17025,169.65308,169.25166,178.8086,180.5012,160.92041,175.27887,167.94868,128.67676,252.98868,171.71046,93.46901,193.48818,189.6678,202.01991,156.99804,151.76339,138.84183,141.92868,149.12478,102.48006,126.64254,106.29121,101.1454,363.14255,280.43098,334.67256,324.00042,316.66056,336.17177,178.90411,287.13244,302.49184,213.12876,168.19826,247.82967,162.43609,117.49584,125.68264,133.49826,106.28799,96.83628,66.77141,69.39966,72.33232,44.7782,44.82007,39.09636,19.1917,26.3963,0,12.81192,9.10774,0,4.76996,0,4.76996,0,0,0,0,0,0,0,0,2.60107],"P":[0,0,0.406,2.21169,3.06124,3.06124,0.54345,5.5385,2.73391,4.7856,3.16572,3.26761,4.06914,1.07039,3.01709,0.26773,1.9812,7.28432,5.08593,0.19615,2.41518,1.72186,2.13183,0.74549,0.88701,0.96676,2.56805,1.97262,0.78458,5.99976,1.24482,3.88172,8.30442,7.18463,1.9825,9.3038,1.03409,2.16889,0,4.15139,0.99125,2.02534,0,0,0,0.99125,0,3.63516,0,0,0,0,0,0,0,0,0,0,0,0,0,0,0,0,0,0.99125,0,0,0,0,0,0,0,0]},{"s":"Fraction of intersex assigned female at birth","c":[1,0.54902,0],"l":[51.8816,18.61979],"n":[0,0,0,0,0,2,6,16,5,9,18,28,26,14,18,13,7,16,5,7,6,3,14,9,5,4,3,6,3,5,7,3,2,5,3,3,3,2,5,3,1,2,1,2,0,2,1,0,1,1,0,1,0,0,0,0,0,0,0,0,0,0,0,0,0,0,0,0,0,0,0,0,0,0],"p":[0,0,1,3,4,4,2,33,14,26,16,19,19,8,10,4,11,15,9,1,9,6,5,1,2,2,7,7,4,8,3,6,5,4,2,3,1,1,0,3,1,2,0,0,0,1,0,2,0,0,0,0,0,0,0,0,0,0,0,0,0,0,0,0,0,1,0,0,0,0,0,0,0,0],"N":[0,0,0,0,0,0.26835,3.10457,1.66063,0.17131,1.69341,3.64637,4.15735,3.62575,1.76394,3.03716,1.97082,1.56651,7.0097,0.60786,2.43872,0.77019,0.48641,3.42863,3.63794,5.80601,2.2361,1.32067,2.83574,0.40524,1.80708,2.29349,0.85136,6.46499,5.27457,3.09069,7.00152,1.81361,0.9068,3.99749,5.50708,0,13.70686,0.9068,4.44639,0,0.9068,3.53958,0,1.27708,1.27708,0,0.9068,0,0,0,0,0,0,0,0,0,0,0,0,0,0,0,0,0,0,0,0,0,0],"P":[0,0,0.406,2.21169,3.06124,3.06124,0.54345,5.5385,2.73391,4.7856,3.16572,3.26761,4.06914,1.07039,3.01709,0.26773,1.9812,7.28432,5.08593,0.19615,2.41518,1.72186,2.13183,0.74549,0.88701,0.96676,2.56805,1.97262,0.78458,5.99976,1.24482,3.88172,8.30442,7.18463,1.9825,9.3038,1.03409,2.16889,0,4.15139,0.99125,2.02534,0,0,0,0.99125,0,3.63516,0,0,0,0,0,0,0,0,0,0,0,0,0,0,0,0,0,0.99125,0,0,0,0,0,0,0,0]},{"s":"Fraction of intersex assigned male at birth","c":[0.11765,0.56471,1],"l":[52.33888,80.46875],"n":[0,0,1,3,4,5,3,37,15,28,20,21,23,10,11,6,12,15,11,3,12,7,7,2,2,2,7,7,5,8,3,6,5,4,2,3,2,1,1,3,2,2,0,0,0,2,0,2,0,0,0,0,0,0,0,0,0,0,0,0,0,0,0,0,0,1,0,0,0,0,0,0,0,0],"p":[0,0,0,0,0,1,5,12,4,7,14,26,22,12,17,11,6,16,3,5,3,2,12,8,5,4,3,6,2,5,7,3,2,5,3,3,2,2,4,3,0,2,1,2,0,1,1,0,1,1,0,1,0,0,0,0,0,0,0,0,0,0,0,0,0,0,0,0,0,0,0,0,0,0],"N":[0,0,0.406,2.21169,3.06124,3.06124,0.54345,5.5385,2.73391,4.7856,3.16572,3.26761,4.06914,1.07039,3.01709,0.26773,1.9812,7.28432,5.08593,0.19615,2.41518,1.72186,2.13183,0.74549,0.88701,0.96676,2.56805,1.97262,0.78458,5.99976,1.24482,3.88172,8.30442,7.18463,1.9825,9.3038,1.03409,2.16889,0,4.15139,0.99125,2.02534,0,0,0,0.99125,0,3.63516,0,0,0,0,0,0,0,0,0,0,0,0,0,0,0,0,0,0.99125,0,0,0,0,0,0,0,0],"P":[0,0,0,0,0,0.26835,3.10457,1.66063,0.17131,1.69341,3.64637,4.15735,3.62575,1.76394,3.03716,1.97082,1.56651,7.0097,0.60786,2.43872,0.77019,0.48641,3.42863,3.63794,5.80601,2.2361,1.32067,2.83574,0.40524,1.80708,2.29349,0.85136,6.46499,5.27457,3.09069,7.00152,1.81361,0.9068,3.99749,5.50708,0,13.70686,0.9068,4.44639,0,0.9068,3.53958,0,1.27708,1.27708,0,0.9068,0,0,0,0,0,0,0,0,0,0,0,0,0,0,0,0,0,0,0,0,0,0]}]}