{"name":"LG","seq":[{"i":[0],"y":[0,11],"t":[1,1,1,1,1,1,1,1,1,1,1,1,0,0]},{"i":[0,1],"y":[0,23],"t":[1,0,0,0,0,1,0,0,0,0,1,0,1,1]}],"type":"AgeCat","x":[18,92],"bins":[18,20,24,30,45,60,72],"xt":[20,30,40,50,60,70,80,90],"yt":[0,1,2,3,4,5,6,7,8,9,10,11,15,20],"z":1.64485,"series":[{"s":"Gay men","c":[0.11765,0.56471,1],"l":[33.25942,3.47252],"n":[56,92,122,144,206,197,234,321,263,319,405,385,459,352,383,362,297,347,213,122,226,219,270,158,161,148,108,136,111,113,105,104,96,98,68,69,85,75,60,56,57,39,37,35,33,35,39,29,31,22,13,22,10,11,8,7,2,5,6,1,5,1,0,1,1,1,1,0,0,0,0,0,0,0],"p":[3,3,15,17,18,20,16,27,18,28,18,27,26,18,24,17,17,23,5,2,9,7,10,8,10,7,4,5,7,6,6,6,4,9,4,8,4,6,3,4,2,5,3,2,2,3,0,2,2,1,1,0,1,0,0,0,0,0,0,0,0,0,0,0,0,0,0,0,0,0,0,0,0,0],"N":[54.21112,86.03709,126.16645,149.13241,214.79862,199.44985,237.17792,133.58984,125.28526,144.21232,181.35222,177.83712,194.5062,159.95263,177.90287,169.27676,150.21467,286.01274,186.16623,104.49908,209.67679,183.82513,234.64241,131.2107,135.29774,135.26573,90.669,121.42785,92.31023,96.57628,90.19804,91.66429,398.15612,371.873,211.45265,216.33513,302.08616,265.02036,209.81825,175.90533,208.99695,164.10262,106.16322,119.53718,111.50342,146.1614,131.603,97.02991,106.58203,62.7398,44.82925,86.94407,33.74885,36.16524,22.97622,34.12893,7.07916,26.89588,21.69914,3.69347,17.85179,3.69347,0,3.53958,3.69347,0.99125,3.53958,0,0,0,0,0,0,0],"P":[3.8969,1.57772,15.86371,15.7235,20.21318,22.00556,12.3613,10.02442,10.04322,11.2844,7.34372,12.68226,11.08231,7.88599,7.32181,6.81824,7.08349,15.64768,5.91499,1.83086,9.29783,4.9824,8.5547,6.82712,10.79286,4.20668,3.77496,4.33103,5.06357,5.3597,6.5253,3.43532,14.31221,24.69943,11.52555,23.20498,10.61875,15.4354,10.92651,9.04666,4.44639,9.26305,8.35624,7.23305,7.07916,8.37818,0,7.23305,7.07916,0.9068,3.53958,0,3.53958,0,0,0,0,0,0,0,0,0,0,0,0,0,0,0,0,0,0,0,0,0]},{"s":"Lesbian women","c":[1,0.54902,0],"l":[33.46608,10.41756],"n":[45,77,129,212,213,243,280,418,348,383,390,399,445,370,404,397,296,351,234,126,274,253,272,203,193,181,174,199,144,164,152,137,151,110,116,116,124,124,72,105,109,87,76,85,61,46,55,54,46,44,28,31,29,18,16,14,7,8,0,5,4,0,2,0,2,0,0,0,0,0,0,0,0,1],"p":[10,17,21,34,34,34,37,39,47,41,41,37,34,32,34,30,18,28,17,5,13,13,8,12,8,10,12,17,8,9,4,7,8,8,6,4,6,4,5,4,5,3,1,4,2,0,1,5,1,0,0,0,0,0,2,0,0,0,0,0,0,0,0,0,0,0,0,0,0,0,0,0,0,0],"N":[34.15146,55.94804,100.4809,169.64849,168.03053,180.812,216.46139,142.65064,135.4463,151.78735,152.01012,164.51504,171.68669,146.8168,162.62155,155.96067,121.44053,235.80154,160.8682,91.56781,188.2866,180.68855,196.53721,146.3453,145.03587,132.31545,134.3469,138.09488,96.88113,126.15174,104.73302,97.92601,356.08877,271.50924,323.52282,316.71359,306.92437,330.53745,174.03857,278.86124,289.31676,207.78308,166.02937,236.009,157.23396,117.49584,123.08158,127.26203,103.68692,96.83628,64.60252,69.39966,72.33232,44.7782,41.18491,39.09636,19.1917,26.3963,0,12.81192,9.10774,0,4.76996,0,4.76996,0,0,0,0,0,0,0,0,2.60107],"P":[7.32008,14.43231,17.18464,25.56156,26.69953,28.80025,29.8153,14.997,15.78548,18.5825,15.49326,14.02262,12.8514,10.93073,13.54556,10.74699,6.91482,19.90418,12.30826,2.09734,8.37382,8.24556,5.67885,7.9285,5.67885,7.55605,6.86689,11.44681,6.38351,7.47523,3.08679,5.80603,17.94504,16.02193,13.13223,12.25285,11.70881,7.8032,8.40512,10.2537,10.96334,7.37103,2.16889,11.82067,5.20214,0,2.60107,9.87139,2.60107,0,0,0,0,0,3.63516,0,0,0,0,0,0,0,0,0,0,0,0,0,0,0,0,0,0,0]}]}