{"name":"MHandOFB","seq":[{"i":[0],"y":[0,6],"t":[1,1,1,1,1,1,1]},{"i":[1,2],"y":[0,6],"t":[1,1,1,1,1,1,1]}],"type":"AgeCat","x":[18,92],"bins":[18,24,30,45,85],"xt":[20,30,40,50,60,70,80,90],"yt":[0,1,2,3,4,5,6],"z":1.64485,"series":[{"s":"Men who were assigned female at birth","c":[0,0,0],"l":[37.55528,1.5625],"n":[59,93,130,155,217,209,248,344,278,341,419,410,483,366,401,376,312,369,217,124,234,226,277,163,170,154,112,140,118,119,111,107,100,107,72,77,89,81,63,60,59,44,40,37,35,37,39,31,33,23,14,22,11,11,8,7,2,5,6,1,5,1,0,1,1,0,1,0,0,0,0,0,0,0],"p":[0,2,7,6,7,8,2,4,3,6,4,2,2,4,6,3,2,1,1,0,1,0,3,3,1,1,0,1,0,0,0,3,0,0,0,0,0,0,0,0,0,0,0,0,0,1,0,0,0,0,0,0,0,0,0,0,0,0,0,0,0,0,0,0,0,1,0,0,0,0,0,0,0,0],"N":[58.10802,87.04289,136.05936,160.09556,230.56904,215.76224,247.59925,141.82824,133.93042,152.77606,187.19258,189.58474,205.49926,167.2644,183.12925,174.70471,156.78936,300.80789,191.22869,106.32994,218.12209,188.80753,241.45757,135.6419,145.23808,138.61989,94.44396,125.06802,97.37379,101.93598,96.72334,94.02581,412.46834,396.57243,222.9782,239.54012,312.70491,280.45577,220.74476,184.95199,213.44334,173.36567,114.51946,126.77023,118.58258,153.54833,131.603,104.26295,113.66119,63.64661,48.36883,86.94407,37.28843,36.16524,22.97622,34.12893,7.07916,26.89588,21.69914,3.69347,17.85179,3.69347,0,3.53958,3.69347,0,3.53958,0,0,0,0,0,0,0],"P":[0,0.57191,5.9708,4.76035,4.44275,5.69317,1.93996,1.78602,1.39807,2.72066,1.50336,0.93464,0.08924,0.57422,2.09544,1.39029,0.50881,0.85253,0.85253,0,0.85253,0,1.73954,2.39592,0.85253,0.85253,0,0.69087,0,0,0,1.0738,0,0,0,0,0,0,0,0,0,0,0,0,0,0.99125,0,0,0,0,0,0,0,0,0,0,0,0,0,0,0,0,0,0,0,0.99125,0,0,0,0,0,0,0,0]},{"s":"Strictly left-handed men who were assigned female at birth","c":[1,0.27059,0],"l":[47.5603,1.75781],"n":[4,19,19,23,26,28,42,33,41,43,42,32,55,39,41,45,42,49,19,21,32,22,32,19,26,17,13,15,10,23,16,18,11,14,6,10,12,10,14,9,9,5,6,6,5,6,4,4,8,3,2,1,1,0,0,2,1,0,0,1,1,0,0,0,0,0,0,0,0,0,0,0,0,0],"p":[0,0,1,1,1,5,0,1,1,0,1,0,0,1,0,1,0,0,0,0,0,0,0,1,0,0,0,0,0,0,0,2,0,0,0,0,0,0,0,0,0,0,0,0,0,0,0,0,0,0,0,0,0,0,0,0,0,0,0,0,0,0,0,0,0,0,0,0,0,0,0,0,0,0],"N":[2.88341,19.69423,23.32834,26.17706,26.71604,29.12802,42.04692,18.06645,22.07955,20.30881,19.59745,13.50427,24.04694,18.38622,18.96373,23.36753,21.37111,41.33143,17.91952,21.03212,34.64103,21.38507,34.07197,15.45527,20.84466,16.0652,13.94425,13.95055,8.76154,17.00043,19.13094,14.78405,40.74644,92.69517,18.7586,35.70359,42.10607,34.05662,58.906,26.14553,30.27275,14.31221,19.28275,21.54526,18.15956,18.91248,10.77263,15.96054,28.77831,10.61875,7.23305,3.53958,1.27708,0,0,7.23305,3.53958,0,0,3.69347,3.53958,0,0,0,0,0,0,0,0,0,0,0,0,0],"P":[0,0,0.63262,0.84955,0.30019,2.90365,0,0.46343,0.46343,0,0.46343,0,0,0.08924,0,0.46343,0,0,0,0,0,0,0,0.85253,0,0,0,0,0,0,0,0.85253,0,0,0,0,0,0,0,0,0,0,0,0,0,0,0,0,0,0,0,0,0,0,0,0,0,0,0,0,0,0,0,0,0,0,0,0,0,0,0,0,0,0]},{"s":"Strictly right-handed men who were assigned female at birth","c":[0.12549,0.69804,0.66667],"l":[47.61558,1.01562],"n":[54,73,109,126,180,171,196,291,224,290,366,365,418,319,350,323,260,305,190,100,202,201,236,137,139,132,96,121,107,93,94,86,85,91,66,64,74,71,48,50,49,39,32,29,30,31,34,27,25,19,12,19,9,11,8,5,1,5,6,0,4,1,0,1,1,0,1,0,0,0,0,0,0,0],"p":[0,2,6,5,6,3,2,3,2,6,3,2,1,3,6,2,1,1,1,0,1,0,2,2,1,1,0,1,0,0,0,1,0,0,0,0,0,0,0,0,0,0,0,0,0,1,0,0,0,0,0,0,0,0,0,0,0,0,0,0,0,0,0,0,0,1,0,0,0,0,0,0,0,0],"N":[54.18696,67.34867,112.29585,126.93043,194.5294,174.84767,194.69243,116.91484,106.43273,129.63442,163.41661,169.6508,178.31339,145.34188,159.60113,148.27037,130.97682,248.31084,167.99299,82.59543,183.48107,164.9662,201.50782,118.86596,119.03411,119.17669,78.55561,108.08738,87.58358,83.73633,76.67697,76.53936,348.51949,299.43088,204.2196,195.69668,262.45899,246.39915,160.93196,155.11299,182.26378,159.05346,94.3299,100.77858,100.42302,134.63584,117.29079,88.30241,84.88288,49.48828,41.13578,79.8649,32.47177,36.16524,22.97622,26.89588,3.53958,26.89588,21.69914,0,14.31221,3.69347,0,3.53958,3.69347,0,3.53958,0,0,0,0,0,0,0],"P":[0,0.57191,5.33818,3.9108,4.14256,2.78952,1.93996,1.32259,0.93464,2.72066,1.03993,0.93464,0,0.48497,2.09544,0.92686,0.39573,0.85253,0.85253,0,0.85253,0,1.04867,1.54339,0.85253,0.85253,0,0.69087,0,0,0,0.22128,0,0,0,0,0,0,0,0,0,0,0,0,0,0.99125,0,0,0,0,0,0,0,0,0,0,0,0,0,0,0,0,0,0,0,0.99125,0,0,0,0,0,0,0,0]}]}