{"name":"NSexAttr","seq":[{"i":[0],"y":[0,5],"t":[1,1,1,1,1,1,0]},{"i":[1,2],"y":[0,6],"t":[1,1,1,1,1,1,1]}],"type":"AgeCat","x":[18,92],"bins":[18,20,24,30,50,80],"xt":[20,30,40,50,60,70,80,90],"yt":[0,1,2,3,4,5,6],"z":1.64485,"series":[{"s":"Not sexually attracted to anyone","c":[0,0,0],"l":[40.03518,2.12996],"n":[113,184,280,406,467,489,566,760,659,751,843,835,937,746,836,785,616,736,457,248,509,485,537,372,370,341,295,348,258,286,255,242,250,222,188,196,209,207,138,168,169,131,111,121,96,83,90,87,78,69,41,53,39,29,25,21,9,13,5,5,8,1,2,1,3,1,1,0,0,0,0,0,0,1],"p":[5,10,11,13,18,15,20,65,32,34,26,32,52,39,27,29,21,29,19,8,18,14,30,11,8,7,9,13,12,9,13,13,10,7,6,5,11,3,2,2,6,4,7,6,2,1,5,3,2,0,2,0,1,0,1,0,0,0,1,1,1,0,0,0,0,0,0,0,0,0,0,0,0,0],"N":[100.07122,154.86042,252.47847,359.74449,430.29158,428.2982,496.36968,292.0412,279.49503,318.00557,354.95732,366.03271,382.39412,315.49895,361.92952,333.34121,283.30105,548.77184,358.76982,196.82752,405.16709,377.25432,427.09627,287.08386,296.6412,275.23649,233.98824,271.10776,194.3821,232.45948,197.06158,190.58361,769.01669,703.71579,548.34997,569.58396,608.56103,611.27109,401.24755,474.05194,506.75054,381.13798,278.63579,366.6698,272.29118,259.60563,248.92744,236.19424,213.80853,165.08315,111.2621,156.34372,107.45186,80.94344,64.25671,73.22528,26.27086,53.29218,18.00568,12.81192,24.79064,3.69347,4.76996,3.53958,8.46342,0.99125,3.53958,0,0,0,0,0,0,2.60107],"P":[2.80614,6.96039,8.97114,9.64545,12.99932,10.13296,14.02999,13.2683,11.3918,11.61847,5.48245,9.22765,13.0084,15.39331,7.36843,12.10627,5.41103,19.78918,10.56771,3.16758,10.68922,4.77373,21.14617,6.30157,3.99358,4.31004,5.9811,6.17572,6.25633,4.82158,8.15088,8.46931,20.08652,9.87485,11.28329,7.86064,25.37812,7.52534,1.9409,2.18388,10.17589,7.38179,4.98874,9.20718,8.72749,12.42978,8.35821,5.20214,6.14065,0,3.87814,0,2.16889,0,3.53958,0,0,0,3.69347,3.69347,2.16889,0,0,0,0,0,0,0,0,0,0,0,0,0]},{"s":"Women not sexually attracted to anyone","c":[1,0.54902,0],"l":[41.56658,4.08594],"n":[53,88,145,236,235,267,305,426,378,404,419,422,458,383,425,408,302,367,242,126,275,259,268,211,199,185,178,205,147,167,145,135,152,116,117,118,123,126,76,109,110,87,75,84,63,46,53,56,46,44,27,31,28,18,18,14,7,8,0,5,3,0,2,0,2,0,0,0,0,0,0,0,0,1],"p":[2,6,5,10,12,10,12,31,17,20,12,14,21,19,13,19,12,12,9,5,12,7,12,4,2,6,8,11,5,6,11,9,7,2,5,2,7,2,1,0,4,3,2,5,0,0,3,3,1,0,1,0,1,0,0,0,0,0,0,0,1,0,0,0,0,0,0,0,0,0,0,0,0,0],"N":[40.89963,65.90004,114.49257,188.35412,185.11153,205.36979,237.16139,149.54768,146.0449,162.40715,164.76831,174.07712,178.43824,150.89972,171.64193,158.90104,124.36311,248.84357,167.08096,90.98398,189.70226,186.08629,194.77926,151.8434,149.66605,136.23076,135.43531,145.23411,100.86449,129.96111,100.07417,98.05318,359.82464,284.37103,328.91135,324.19647,301.16338,331.72212,181.40959,289.11494,291.91783,208.67912,167.20701,239.89958,162.43609,117.49584,119.87859,131.93129,103.68692,96.83628,62.00146,69.39966,70.16343,44.7782,44.82007,39.09636,19.1917,26.3963,0,12.81192,6.93885,0,4.76996,0,4.76996,0,0,0,0,0,0,0,0,2.60107],"P":[0.57191,4.48031,3.17297,6.85593,9.61852,4.24246,9.1153,8.09997,5.18687,7.9627,2.73507,4.46053,6.09984,6.84781,4.52517,7.80662,3.99224,6.86215,6.0955,2.68117,6.95816,2.84783,7.4368,2.43041,1.04867,3.64074,5.77848,4.30758,2.40015,3.66587,7.74564,5.67885,14.20917,3.16014,7.74371,4.76996,17.46979,6.61853,1.03409,0,8.36228,6.47499,0.99125,7.9301,0,0,5.80405,5.20214,2.60107,0,2.60107,0,2.16889,0,0,0,0,0,0,0,2.16889,0,0,0,0,0,0,0,0,0,0,0,0,0]},{"s":"Men not sexually attracted to anyone","c":[0.11765,0.56471,1],"l":[41.62437,1.53125],"n":[56,92,131,161,220,212,245,320,271,335,410,397,458,353,393,370,305,356,208,122,229,219,265,159,166,154,111,139,111,117,109,106,97,103,71,74,85,80,62,58,57,43,36,36,33,37,37,31,32,23,13,22,11,11,7,7,2,5,5,0,5,1,0,1,1,1,1,0,0,0,0,0,0,0],"p":[3,3,6,0,4,5,5,28,10,12,13,15,27,17,14,9,9,14,10,2,6,7,15,7,5,1,1,2,7,2,2,4,3,4,1,3,4,1,1,2,2,1,4,1,2,1,2,0,1,0,1,0,0,0,1,0,0,0,1,1,0,0,0,0,0,0,0,0,0,0,0,0,0,0],"N":[55.87379,85.43491,136.23199,164.85591,233.10381,215.5649,245.77428,139.18128,130.73858,151.99182,185.94856,186.76321,199.55595,160.4247,182.38142,172.11447,155.87938,292.41916,187.60901,105.84354,215.24356,186.88163,230.80019,134.16666,143.83656,138.80312,94.24134,123.89075,93.51761,101.44957,96.3181,92.30915,406.59099,390.84897,219.43862,236.44943,304.79658,279.54896,219.83796,182.76811,211.62973,172.45887,111.42877,125.49315,109.85509,142.10979,129.04885,104.26295,110.12161,63.64661,47.09175,86.94407,37.28843,36.16524,19.43664,34.12893,7.07916,26.89588,18.00568,0,17.85179,3.69347,0,3.53958,3.69347,0.99125,3.53958,0,0,0,0,0,0,0],"P":[2.23423,2.17989,5.79817,0,1.90798,5.8905,3.76494,4.43298,4.58991,3.50489,2.74738,3.75617,6.03256,7.41392,2.84326,3.98052,1.41879,9.24126,4.47221,0.48641,3.73106,1.9259,12.39692,3.87117,2.25404,0.6693,0.20262,1.86813,3.85619,0.48641,0.40524,2.79046,5.87735,5.72346,3.53958,3.09069,7.90832,0.9068,0.9068,2.18388,1.81361,0.9068,3.09069,1.27708,8.72749,12.42978,2.55415,0,3.53958,0,1.27708,0,0,0,3.53958,0,0,0,3.69347,3.69347,0,0,0,0,0,0,0,0,0,0,0,0,0,0]}]}