{"name":"PolyFM","seq":[{"i":[0,1],"y":[0,7],"t":[1,1,1,1,1,1,1,1,0,0]},{"i":[2,3],"y":[0,15],"t":[1,0,0,0,0,1,0,0,1,1]}],"type":"AgeCat","x":[18,92],"bins":[18,20,24,30,50,80],"xt":[20,30,40,50,60,70,80,90],"yt":[0,1,2,3,4,5,6,7,10,15],"z":1.64485,"series":[{"s":"Polyamorous women","c":[1,0.54902,0],"l":[41.07538,2.44047],"n":[52,91,145,237,235,263,302,436,371,404,409,418,445,382,422,411,307,364,243,130,274,257,272,208,194,182,174,204,146,163,148,139,150,116,115,119,127,125,74,105,112,90,75,89,63,44,54,58,46,44,28,30,27,17,18,13,7,8,0,5,4,0,1,0,2,0,0,0,0,0,0,0,0,0],"p":[3,3,5,9,12,14,15,21,24,20,22,18,34,20,16,16,7,15,8,1,13,9,8,7,7,9,12,12,6,10,8,5,9,2,7,1,3,3,3,4,2,0,2,0,0,2,2,1,1,0,0,1,2,1,0,1,0,0,0,0,0,0,1,0,0,0,0,0,0,0,0,0,0,1],"N":[38.991,67.83168,112.40197,186.84196,185.71211,198.97268,234.93199,151.81429,144.03323,164.5125,159.82041,172.04423,173.6194,152.4253,169.43012,160.08372,125.49827,245.98111,169.5106,93.46901,192.24803,182.57708,197.82984,149.97668,145.57775,134.51022,133.75148,143.87117,100.92089,125.99337,103.11795,100.75703,358.66365,283.89601,321.86064,327.97518,316.60783,333.13852,176.73521,282.87871,296.68779,215.1541,165.59719,247.82967,162.43609,112.72588,122.09033,134.53236,104.1191,96.83628,64.60252,68.36556,67.13019,42.17714,44.82007,36.92747,19.1917,26.3963,0,12.81192,9.10774,0,2.60107,0,4.76996,0,0,0,0,0,0,0,0,0],"P":[2.48055,2.54866,5.26357,8.36809,9.01795,10.63958,11.3447,5.83335,7.19854,5.85735,7.68297,6.49343,10.91868,5.32223,6.73699,6.62394,2.85708,9.72461,3.66587,0.19615,4.41238,6.35704,4.38622,4.29712,5.13697,5.36127,7.46232,5.67053,2.34375,7.6336,4.70186,2.975,15.37017,3.63516,14.79442,0.99125,2.02534,5.20214,5.70847,6.23623,3.59232,0,2.60107,0,0,4.76996,3.59232,2.60107,2.16889,0,0,1.03409,5.20214,2.60107,0,2.16889,0,0,0,0,0,0,2.16889,0,0,0,0,0,0,0,0,0,0,2.60107]},{"s":"Polyamorous men","c":[0.11765,0.56471,1],"l":[41.07538,6.41652],"n":[58,92,134,154,205,206,235,333,266,318,395,397,462,354,379,364,294,343,206,114,226,214,265,146,157,141,105,135,111,113,106,101,95,103,68,76,86,75,62,55,56,41,35,36,31,37,36,29,32,22,13,22,11,11,8,7,2,4,6,1,4,1,0,1,1,1,1,0,0,0,0,0,0,0],"p":[1,3,3,7,19,11,15,15,15,29,28,15,23,16,28,15,20,27,12,10,9,12,15,20,14,14,7,6,7,6,5,9,5,4,4,1,3,6,1,5,3,3,5,1,4,1,3,2,1,1,1,0,0,0,0,0,0,1,0,0,1,0,0,0,0,0,0,0,0,0,0,0,0,0],"N":[56.57731,83.9042,139.82232,157.65784,215.17091,209.3942,234.71107,137.29555,128.65835,142.91023,179.25779,185.55857,198.00115,161.49402,175.59192,169.79165,147.75383,285.32372,182.25793,97.78183,210.16957,179.0654,230.10267,121.38182,135.98782,126.6202,89.12816,121.023,92.31023,96.73341,92.74576,87.82673,369.19707,393.11147,199.77579,238.63331,301.62451,258.76294,217.0513,163.25916,207.71987,168.91928,103.97934,123.23064,93.88573,154.53958,123.61704,97.02991,110.12161,60.10702,44.82925,86.94407,37.28843,36.16524,22.97622,34.12893,7.07916,23.3563,21.69914,3.69347,14.31221,3.69347,0,3.53958,3.69347,0.99125,3.53958,0,0,0,0,0,0,0],"P":[1.53071,3.71061,2.20785,7.19807,19.84088,12.0612,14.82815,6.3187,6.67014,12.58649,9.43815,4.96082,7.58736,6.3446,9.63276,6.30335,9.54434,16.3367,9.82329,8.54811,8.80505,9.74213,13.09443,16.656,10.10279,12.85222,5.3158,4.73588,5.06357,5.20256,3.97758,7.27288,43.27127,3.46096,23.20241,0.9068,11.0804,21.69283,3.69347,21.69283,5.72346,4.44639,10.54012,3.53958,24.69686,0,7.98597,7.23305,3.53958,3.53958,3.53958,0,0,0,0,0,0,3.53958,0,0,3.53958,0,0,0,0,0,0,0,0,0,0,0,0,0]},{"s":"Non-monogamous women","c":[1,0.54902,0],"l":[39.97739,5.28599],"n":[52,89,143,225,234,259,291,400,364,402,409,411,436,369,397,392,296,345,229,125,269,251,254,200,186,172,169,199,147,159,142,135,141,110,111,115,126,122,71,105,108,84,73,88,63,45,53,52,45,40,25,30,27,18,18,14,7,8,0,5,4,0,1,0,2,0,0,0,0,0,0,0,0,0],"p":[3,5,7,21,13,18,26,57,31,22,22,25,43,33,41,35,18,34,22,6,18,15,26,15,15,19,17,17,5,14,14,9,18,8,11,5,4,6,6,4,6,6,4,1,0,1,3,7,2,4,3,1,2,0,0,0,0,0,0,0,0,0,1,0,0,0,0,0,0,0,0,0,0,1],"N":[38.991,66.00782,110.58736,179.97727,184.51011,195.6939,228.81619,145.16212,140.27677,161.81945,159.77908,167.93994,168.45372,147.09442,160.24615,154.83722,122.36518,234.44817,162.08514,91.50819,186.12464,180.40171,186.27026,146.99867,140.32021,128.26108,129.79376,140.11864,100.4513,123.07406,99.19743,98.14617,341.02389,275.11821,282.63604,315.96109,311.83787,325.7675,170.49898,277.5994,284.43494,206.66493,164.60594,245.66078,162.43609,114.89477,117.59784,123.62687,101.51803,86.1504,59.40039,67.23077,65.28161,44.7782,44.82007,39.09636,19.1917,26.3963,0,12.81192,9.10774,0,2.60107,0,4.76996,0,0,0,0,0,0,0,0,0],"P":[2.48055,4.37252,7.07818,15.23278,10.21995,13.91836,17.4605,12.48552,10.955,8.5504,7.72429,10.59772,16.08436,10.65311,15.92095,11.87044,5.99017,21.25755,11.09132,2.15696,10.53578,8.53241,15.9458,7.27514,10.39451,11.61042,11.42003,9.42305,2.81334,10.55292,8.62238,5.58586,33.00992,12.41296,54.01902,13.00534,6.7953,12.57316,11.9447,11.51554,15.84516,8.48917,3.59232,2.16889,0,2.60107,8.08481,13.50656,4.76996,10.68587,5.20214,2.16889,7.05071,0,0,0,0,0,0,0,0,0,2.16889,0,0,0,0,0,0,0,0,0,0,2.60107]},{"s":"Non-monogamous men","c":[0.11765,0.56471,1],"l":[40.4108,12.87363],"n":[55,92,131,150,199,198,227,316,259,295,369,374,440,328,371,341,276,338,190,105,209,201,250,132,148,137,102,126,101,106,95,97,90,93,63,66,78,63,54,46,53,39,36,31,29,32,34,29,27,20,12,20,10,9,8,6,2,5,6,1,4,1,0,1,1,1,0,0,0,0,0,0,0,0],"p":[4,3,6,11,25,19,23,32,22,52,54,38,45,42,36,38,38,32,28,19,26,25,30,34,23,18,10,15,17,13,16,13,10,14,9,11,11,18,9,14,6,5,4,6,6,6,5,2,6,3,2,2,1,2,0,1,0,0,0,0,1,0,0,0,0,0,1,0,0,0,0,0,0,0],"N":[53.96224,83.46344,137.37407,155.44616,210.65527,200.91111,226.4935,132.16985,126.71268,132.22319,168.61614,178.57272,188.58915,148.63016,169.37229,159.23254,138.46148,280.54227,169.1265,90.73027,195.14119,171.7859,214.50667,113.62369,128.39432,122.05126,86.69141,112.69054,84.87348,89.74586,83.50978,86.17869,321.43525,359.52184,187.18955,214.36764,289.64105,220.18763,195.80105,133.63656,195.12989,161.84012,105.25642,105.37885,86.65268,127.48981,119.01677,97.02991,97.31898,55.66064,41.13578,82.49768,33.74885,29.08607,22.97622,21.69914,7.07916,26.89588,21.69914,3.69347,14.31221,3.69347,0,3.53958,3.69347,0.99125,0,0,0,0,0,0,0,0],"P":[4.14577,4.15137,4.65609,9.40975,24.35653,20.54429,23.04572,11.44441,8.6158,23.27353,20.0798,11.94667,16.99935,19.20846,15.85239,16.86245,18.83669,21.11815,22.95472,15.59967,23.83343,17.02163,28.69044,24.41414,17.69628,17.42116,7.75254,13.06834,12.50032,12.19011,13.21356,8.92092,91.03308,37.05059,35.78865,25.17248,23.06386,60.26814,24.94371,51.31543,18.31344,11.52555,9.26305,21.39138,31.9299,27.04976,12.58624,7.23305,16.34221,7.98597,7.23305,4.44639,3.53958,7.07916,0,12.42978,0,0,0,0,3.53958,0,0,0,0,0,3.53958,0,0,0,0,0,0,0]}]}