{"name":"URGayBi","seq":[{"i":[0],"y":[0,14],"t":[1,1,1,1,1,1,1,0,0,0,0]},{"i":[1,2],"y":[0,20],"t":[1,1,1,1,1,1,1,1,1,1,1]}],"type":"AgeCat","x":[18,92],"bins":[18,27,37,57,82],"xt":[20,25,30,35,40,45,50,55,60,65,70,75],"yt":[0,2,4,6,8,10,12,14,16,18,20],"z":1.64485,"series":[{"s":"Gay or bi men","c":[0,0,0],"l":[45.3505,10.40164],"n":[55,87,115,139,196,188,218,295,248,297,373,360,424,329,362,339,287,330,199,113,214,209,252,133,150,142,102,126,108,107,94,96,89,91,62,63,76,71,58,55,52,37,34,32,32,33,35,29,30,19,12,21,9,11,8,7,2,5,6,1,5,1,0,1,1,0,1,0,0,0,0,0,0,0],"p":[4,8,22,22,28,29,32,53,33,50,50,52,61,41,45,40,27,40,19,11,21,17,28,33,21,13,10,15,10,12,17,14,11,16,10,14,13,10,5,5,7,7,6,5,3,5,4,2,3,4,2,1,2,0,0,0,0,0,0,0,0,0,0,0,0,1,0,0,0,0,0,0,0,0],"N":[53.12117,81.24214,117.7076,142.35992,204.79764,191.54646,222.87198,126.18827,120.1601,138.07456,170.45582,170.01517,179.4251,151.7934,171.64779,161.29903,145.37036,270.12517,178.0028,97.30885,198.8819,178.69223,219.8006,117.06382,129.12428,131.66808,88.02765,118.61589,90.16351,93.6273,87.1023,87.16823,383.3974,359.36539,197.74322,210.52403,288.28909,257.03439,205.37186,172.36575,197.31751,156.86958,103.44281,111.18094,110.59662,144.34779,113.44976,97.02991,102.88856,57.92314,41.13578,85.66699,30.20927,36.16524,22.97622,34.12893,7.07916,26.89588,21.69914,3.69347,17.85179,3.69347,0,3.53958,3.69347,0,3.53958,0,0,0,0,0,0,0],"P":[4.98685,6.37267,24.32257,22.49599,30.21416,29.90894,26.66724,17.42598,15.16839,17.42216,18.24012,20.50421,26.16341,16.04522,13.57689,14.79597,11.92781,31.53525,14.07842,9.02109,20.09272,10.1153,23.3965,20.97401,16.96632,7.80434,6.41631,7.14299,7.21028,8.30867,9.62105,7.93138,29.07093,37.20704,25.23498,29.01609,24.41581,23.42137,15.3729,12.58624,16.12582,16.49609,11.07665,15.58929,7.98597,10.19179,18.15325,7.23305,10.77263,5.72346,7.23305,1.27708,7.07916,0,0,0,0,0,0,0,0,0,0,0,0,0.99125,0,0,0,0,0,0,0,0]},{"s":"Gay or bi men (city)","c":[1,0.27059,0],"l":[47.35804,16.09375],"n":[22,26,42,57,82,91,99,141,117,136,189,184,216,135,178,136,109,137,77,47,85,78,103,58,50,50,39,54,38,41,33,45,29,32,26,23,18,28,24,20,13,13,14,14,11,12,10,11,10,8,4,8,1,1,3,0,1,1,2,0,4,0,0,1,0,0,1,0,0,0,0,0,0,0],"p":[1,4,11,8,8,16,16,31,11,26,26,27,34,21,25,23,14,15,12,6,9,12,18,14,8,7,7,10,5,7,9,6,4,10,8,10,10,5,3,4,5,4,4,3,2,3,3,0,1,3,1,0,1,0,0,0,0,0,0,0,0,0,0,0,0,1,0,0,0,0,0,0,0,0],"N":[15.50392,18.30206,37.43447,47.05036,72.382,77.4276,89.35447,50.58896,50.91194,57.55237,71.69155,70.28625,81.3141,51.91602,72.3357,56.01984,46.01396,98.07608,65.38665,33.31145,72.72688,57.40533,86.46784,48.81161,42.40358,40.15071,30.08821,49.40843,31.734,35.7033,24.17284,36.98742,104.38127,119.36618,85.78655,77.80058,49.56414,108.74744,86.9337,64.6267,38.11623,48.65476,38.11623,46.92137,37.95837,50.54344,29.22346,35.31818,43.30157,25.68388,14.15833,23.79262,3.53958,3.53958,10.61875,0,3.53958,3.53958,7.07916,0,14.15833,0,0,3.53958,0,0,3.53958,0,0,0,0,0,0,0],"P":[1.08995,2.88341,10.15614,6.11101,7.05592,13.09604,12.76963,7.74288,4.21017,8.83076,8.5522,7.86817,9.31346,6.06731,4.77069,7.24224,4.11065,6.91093,9.22563,4.73588,7.48218,7.88742,11.1722,9.91944,5.89783,4.20668,4.26959,3.71589,3.15154,4.02346,3.04659,2.64135,13.17388,23.88026,20.41832,16.96638,16.05957,11.52555,7.98597,8.89277,8.89277,11.52555,6.26,10.61875,4.44639,2.80486,16.87617,0,3.53958,4.44639,3.53958,0,3.53958,0,0,0,0,0,0,0,0,0,0,0,0,0.99125,0,0,0,0,0,0,0,0]},{"s":"Gay or bi men (countryside)","c":[0.12549,0.69804,0.66667],"l":[47.65327,2.99479],"n":[6,11,10,15,22,19,19,34,26,38,40,40,52,36,41,46,42,42,34,11,34,24,32,21,23,22,10,14,20,15,11,18,7,14,8,9,16,15,14,5,12,5,7,7,8,5,7,7,5,3,6,3,4,3,3,2,0,0,3,0,1,1,0,0,0,0,0,0,0,0,0,0,0,0],"p":[2,0,1,2,2,1,3,3,6,8,11,2,5,5,7,4,2,6,2,3,4,2,3,5,6,2,1,2,1,2,4,3,1,1,1,0,1,1,0,0,1,1,0,1,0,1,1,0,1,1,0,0,0,0,0,0,0,0,0,0,0,0,0,0,0,0,0,0,0,0,0,0,0,0],"N":[10.74001,19.9493,16.86285,22.26543,33.31096,26.46785,29.94402,19.76302,17.37444,23.3108,26.10387,30.23836,31.62711,23.3108,25.94463,32.06718,28.62384,42.8151,33.23698,12.84099,34.34841,25.85916,30.05645,20.69198,22.91441,21.14087,10.28665,13.31863,19.08354,14.98109,9.82556,17.07031,25.85426,46.87574,24.71495,30.8248,77.9418,52.9856,49.29213,18.46733,63.32344,18.46733,21.02148,23.43787,29.54773,18.46733,25.85426,22.16079,13.63455,11.0804,19.74441,32.34314,12.35747,11.0804,8.66401,7.38693,0,0,11.0804,0,3.69347,3.69347,0,0,0,0,0,0,0,0,0,0,0,0],"P":[2.36619,0,1.53071,2.62112,2.36619,2.53826,4.15183,1.58064,4.52519,2.74814,3.31385,1.42976,4.53355,3.0104,2.74814,2.29552,1.42976,3.93735,1.31245,2.34112,5.7231,1.31245,2.34112,3.31577,5.07263,0.56757,1.02866,1.31245,0.28379,1.31245,1.88002,2.34112,3.69347,3.69347,1.27708,0,1.27708,1.27708,0,0,3.69347,1.27708,0,1.27708,0,3.69347,1.27708,0,3.69347,1.27708,0,0,0,0,0,0,0,0,0,0,0,0,0,0,0,0,0,0,0,0,0,0,0,0]}]}