{"name":"URHeteronorm","seq":[{"i":[0],"y":[60,80],"t":[1,1,1,1,1,0,0]},{"i":[1,2],"y":[60,90],"t":[1,1,1,1,1,1,1]}],"type":"AgeCat","x":[18,92],"bins":[18,25,32,40,58,82],"xt":[20,25,30,35,40,45,50,55,60,65,70,75],"yt":[60,65,70,75,80,85,90],"z":1.64485,"series":[{"s":"Heteronormatively attracted","c":[0,0,0],"l":[49.52764,71.57458],"n":[50,76,109,147,181,193,232,392,277,328,344,325,382,289,325,280,202,289,162,75,163,139,187,114,96,89,88,112,58,72,75,76,72,62,52,47,56,50,33,41,45,33,34,32,24,15,29,22,14,17,7,3,9,1,7,1,0,0,2,3,1,0,0,1,0,1,0,0,0,0,0,0,0,1],"p":[68,118,182,272,304,311,354,433,414,457,525,542,607,496,538,534,435,476,314,181,364,360,380,269,282,259,216,249,212,223,193,179,188,167,142,154,164,160,107,129,130,102,84,95,74,69,66,68,66,52,36,50,31,28,19,20,9,13,4,3,8,1,2,0,3,0,1,0,0,0,0,0,0,0],"N":[47.73575,65.4649,98.54667,126.56336,160.52474,153.91421,186.21616,123.158,106.19326,119.43939,124.10383,124.27128,132.80693,110.01838,118.98868,102.77057,84.4631,182.54969,110.52724,47.51837,111.82849,89.60117,133.01826,81.3907,74.10078,60.68981,61.87128,73.37854,34.1749,54.10334,45.39143,51.23556,184.68174,135.4888,144.65147,126.85689,147.53126,124.9543,90.40875,98.95193,102.18405,76.86493,64.69437,113.97478,67.45217,57.47822,72.32483,53.77858,47.29949,35.79088,19.42073,2.31117,27.79544,0,18.67141,12.42978,0,0,7.23305,10.312,2.16889,0,0,3.53958,0,0.99125,0,0,0,0,0,0,0,2.60107],"P":[55.14161,96.35592,162.90294,242.82658,282.76617,284.51695,324.1835,182.15151,184.69357,210.18466,236.33594,250.98908,262.59559,220.87387,250.30927,242.67692,204.24898,386.01133,258.81029,152.47673,304.02782,292.42688,315.22417,211.99473,226.534,218.85672,178.09806,203.90493,166.46354,183.17772,159.82103,147.81736,604.42147,578.10184,414.98179,450.58771,486.40789,493.84212,312.7797,377.28389,414.74238,311.65485,218.93015,261.90219,213.56651,214.55719,184.96082,187.6178,172.64969,129.29227,95.71951,154.03255,81.82532,80.94344,49.12488,60.7955,26.27086,53.29218,14.4661,6.19338,24.79064,3.69347,4.76996,0,8.46342,0,3.53958,0,0,0,0,0,0,0]},{"s":"Heteronormatively attracted (city)","c":[1,0.27059,0],"l":[50.13693,66.11849],"n":[18,25,44,62,73,87,110,207,128,141,169,174,209,116,164,118,92,133,78,35,82,56,100,49,42,43,39,55,25,38,36,34,28,29,26,26,30,20,12,18,18,14,18,13,10,9,12,8,5,11,2,1,4,0,3,0,0,0,1,0,0,0,0,1,0,1,0,0,0,0,0,0,0,0],"p":[28,37,71,99,120,149,160,189,173,195,227,229,259,195,233,205,154,187,109,63,128,120,145,105,86,83,71,102,70,71,63,67,50,61,50,47,43,47,42,39,35,29,29,26,18,20,21,22,20,12,15,12,9,7,10,2,5,3,1,2,5,0,1,0,1,0,1,0,0,0,0,0,0,0],"N":[11.06115,16.31527,34.23516,43.81483,54.31805,64.60368,76.32493,51.44656,45.13793,52.07339,54.46902,58.6814,59.76945,35.36602,51.65549,38.38569,31.99524,75.30877,53.35903,16.6294,50.09688,32.06921,63.06353,32.49858,31.65105,29.62093,24.87278,32.42731,13.5181,26.44273,18.9772,21.39374,79.85953,76.25029,56.50323,69.83303,59.92227,46.02491,36.20492,43.83035,34.72743,35.30358,30.6676,39.68372,30.35075,25.82493,35.72353,16.83316,23.77257,23.98219,6.14065,0,13.19136,0,8.74172,0,0,0,3.53958,0,0,0,0,3.53958,0,0.99125,0,0,0,0,0,0,0,0],"P":[18.25643,24.95839,56.02476,73.22064,94.672,113.53851,129.62069,71.79532,71.64687,80.51904,90.98009,85.67105,101.72175,77.5929,98.47168,83.34738,63.58762,144.53331,90.8662,51.23004,105.72758,89.98615,122.45502,84.00823,65.9633,65.27987,54.28942,81.01707,53.98504,61.22287,47.55843,54.52995,161.57155,194.89864,148.95552,139.50167,119.97495,160.28586,115.63962,118.72809,97.35719,91.18558,78.02518,75.5574,56.02902,69.7228,56.19693,69.64466,56.2639,36.14414,42.77007,38.64654,27.45854,20.99456,27.88771,3.59232,15.79243,8.74172,3.53958,5.20214,16.7594,0,2.60107,0,2.60107,0,3.53958,0,0,0,0,0,0,0]},{"s":"Heteronormatively attracted (countryside)","c":[0.12549,0.69804,0.66667],"l":[44.34862,82.875],"n":[9,9,12,14,23,13,30,55,30,66,43,35,54,42,38,60,32,48,22,10,28,20,26,22,17,15,12,22,11,11,14,18,16,4,4,8,14,6,6,9,9,6,5,6,4,3,5,6,4,4,1,1,1,0,1,0,0,0,1,0,1,0,0,0,0,0,0,0,0,0,0,0,0,0],"p":[4,13,16,29,33,38,38,51,61,63,71,82,84,67,80,82,74,77,55,28,62,63,58,44,52,51,42,41,44,44,25,31,33,26,25,30,35,44,23,19,33,19,20,23,23,11,17,19,12,13,8,13,8,9,3,5,1,0,2,0,2,1,1,0,1,0,0,0,0,0,0,0,0,0],"N":[13.31601,12.00593,13.72141,16.74323,28.93196,14.82417,32.38613,25.41329,14.45221,22.89798,16.80192,18.0154,24.83491,18.00521,14.85404,26.64453,16.24813,25.04501,14.41692,8.81123,21.63817,12.78404,22.2745,16.25014,15.61514,10.40068,9.01045,13.19385,5.36133,6.18399,6.62827,12.32622,31.68765,6.64895,6.64895,15.7143,50.48086,12.12153,11.87855,23.92258,21.43437,11.23423,6.64895,12.75429,10.20014,11.0804,10.34242,12.65811,9.30832,8.17353,1.27708,1.03409,2.16889,0,1.03409,0,0,0,3.69347,0,2.16889,0,0,0,0,0,0,0,0,0,0,0,0,0],"P":[5.24768,19.25892,22.93079,36.22653,45.11967,46.33756,49.51666,25.01181,34.39792,33.18691,40.23322,50.95419,47.58602,37.10971,44.1942,44.3397,41.63743,64.84856,46.03057,21.36608,47.81119,54.91873,42.96648,36.42036,44.91505,41.82183,32.00403,30.15125,35.95431,35.97212,20.31185,26.00434,77.70624,74.18403,61.58609,88.10209,108.33698,136.69804,68.81215,53.4889,106.21078,53.73188,47.93999,56.61555,66.73819,28.43152,46.01859,44.00354,29.7086,32.76931,24.974,54.03205,19.89824,24.09374,8.66401,13.8936,2.16889,0,7.38693,0,5.86236,3.69347,2.16889,0,2.16889,0,0,0,0,0,0,0,0,0]}]}