{"name":"URLesbianBi","seq":[{"i":[0],"y":[0,33],"t":[1,1,1,1,1,1,1,0]},{"i":[1,2],"y":[0,35],"t":[1,1,1,1,1,1,1,1]}],"type":"AgeCat","x":[18,92],"bins":[18,27,37,57,82],"xt":[20,25,30,35,40,45,50,55,60,65,70,75],"yt":[0,5,10,15,20,25,30,35],"z":1.64485,"series":[{"s":"Lesbian or bi women","c":[0,0,0],"l":[47.63065,17.58036],"n":[34,62,100,184,173,194,217,350,279,313,312,330,369,316,352,345,251,305,197,112,235,223,239,185,172,164,150,180,135,153,130,125,137,103,108,108,116,118,68,100,104,84,71,85,60,45,52,53,46,42,28,31,27,18,16,14,7,7,0,5,4,0,2,0,2,0,0,0,0,0,0,0,0,1],"p":[21,32,50,62,74,83,100,107,116,111,119,106,110,86,86,82,63,74,54,19,52,43,41,30,29,27,36,36,17,20,26,19,22,15,14,12,14,10,9,9,10,6,6,4,3,1,4,6,1,2,0,0,2,0,2,0,0,1,0,0,0,0,0,0,0,0,0,0,0,0,0,0,0,0],"N":[24.00719,44.02898,75.44768,145.27431,135.81992,142.69919,168.82243,125.04739,110.42245,127.18645,120.93218,137.26998,140.30547,125.57434,143.74618,136.56928,103.51981,205.61141,135.12369,81.70573,164.32489,158.17277,176.40538,134.61031,127.57809,121.31223,118.88077,129.08469,94.11995,117.06821,94.02223,90.45774,329.36593,258.60499,275.13811,296.09846,291.72394,320.00629,163.56013,271.63376,281.53021,199.97987,155.81852,236.009,157.23396,116.50459,118.45517,124.66096,103.68692,93.67614,64.60252,69.39966,67.13019,44.7782,41.18491,39.09636,19.1917,24.22741,0,12.81192,9.10774,0,4.76996,0,4.76996,0,0,0,0,0,0,0,0,2.60107],"P":[17.46435,26.35137,42.21786,49.93574,58.91014,66.91306,77.45426,32.60025,40.80932,43.1834,46.5712,41.26768,44.23262,32.17319,32.42092,30.13838,24.83554,50.09431,38.05278,11.95942,32.33552,30.76135,25.81068,19.6635,23.13664,18.55926,22.33302,20.45701,9.14469,16.55876,13.79758,13.27429,44.66788,28.92617,61.51694,32.86797,26.90923,18.33437,18.88355,17.48118,18.7499,15.17423,12.37974,11.82067,5.20214,0.99125,7.22748,12.47246,2.60107,3.16014,0,0,5.20214,0,3.63516,0,0,2.16889,0,0,0,0,0,0,0,0,0,0,0,0,0,0,0,0]},{"s":"Lesbian or bi women (city)","c":[1,0.27059,0],"l":[46.56093,22.60417],"n":[13,19,43,67,70,92,103,161,108,121,121,132,149,118,145,122,93,123,71,35,91,67,105,74,57,57,48,74,44,47,40,39,36,39,37,32,39,30,23,29,31,24,26,19,13,13,17,16,13,10,12,5,10,6,10,2,4,2,0,2,1,0,1,0,1,0,0,0,0,0,0,0,0,0],"p":[8,12,16,25,29,31,40,49,57,47,52,51,52,32,41,38,27,39,22,10,23,16,18,8,10,12,13,16,8,11,16,11,8,7,5,8,6,4,4,4,4,2,2,3,2,1,3,3,1,1,0,0,1,0,0,0,0,0,0,0,0,0,0,0,0,0,0,0,0,0,0,0,0,0],"N":[7.61813,10.82197,29.20196,45.07584,46.32988,59.81704,68.33135,51.41284,39.2416,46.89638,43.76638,44.96322,48.83043,42.94962,56.3675,44.51741,33.86706,84.50104,51.40456,24.57508,62.57156,45.41856,77.5878,52.26831,40.07976,41.14599,34.44587,49.61325,27.22354,36.71712,29.917,28.88627,103.68596,113.61766,91.078,91.67187,102.87799,79.84439,48.18315,78.39594,77.89098,61.10671,57.96885,48.04923,38.77287,41.20818,39.62745,43.35644,30.59424,28.09801,31.21281,14.85391,30.96967,17.45498,26.01068,3.59232,12.25285,5.20214,0,5.20214,2.60107,0,2.60107,0,2.60107,0,0,0,0,0,0,0,0,0],"P":[3.98768,8.63359,11.71346,16.77262,19.80994,23.61946,27.83937,11.93485,20.50766,17.20022,19.41038,18.49601,19.44502,10.52849,14.34931,13.26961,10.22656,25.94618,15.26486,5.23702,13.04384,9.57608,10.08809,5.50745,7.20617,9.39741,8.45732,8.94519,5.39407,9.5036,8.72989,7.40865,17.5889,13.29357,8.17588,22.89588,11.39552,6.19338,8.74172,10.64303,7.18463,5.20214,5.44089,9.65178,5.20214,0.99125,6.19338,7.8032,2.60107,0.99125,0,0,2.60107,0,0,0,0,0,0,0,0,0,0,0,0,0,0,0,0,0,0,0,0,0]},{"s":"Lesbian or bi women (countryside)","c":[0.12549,0.69804,0.66667],"l":[47.1809,5.42241],"n":[2,5,10,19,20,23,30,52,44,61,44,57,62,50,51,74,48,61,34,20,40,49,42,32,32,38,33,38,29,32,19,25,32,14,19,27,25,33,12,21,27,18,16,19,19,8,14,16,10,11,2,11,5,6,0,3,1,0,0,0,2,0,1,0,1,0,0,0,0,0,0,0,0,0],"p":[3,6,7,6,8,7,13,12,12,19,16,14,18,18,15,17,12,12,6,3,11,6,6,7,7,4,8,8,5,6,5,2,9,1,1,0,7,1,3,2,1,1,2,1,0,0,0,2,0,1,0,0,0,0,1,0,0,0,0,0,0,0,0,0,0,0,0,0,0,0,0,0,0,0],"N":[2.18626,5.45749,10.86988,20.04426,24.40896,23.72149,32.88806,19.42541,21.17516,23.03651,19.21434,28.29659,29.31635,20.74878,23.40314,29.18889,22.42247,34.87775,20.92024,13.86178,23.18709,34.0206,28.41444,24.07499,25.563,28.22019,23.86146,24.37458,20.12403,22.65656,12.65688,17.31612,62.59573,28.09488,40.07413,68.6538,66.68632,92.38801,26.02669,55.74116,56.29046,43.05282,29.22968,41.20893,47.3906,17.35113,29.22968,32.43266,21.68891,22.723,4.33778,22.723,9.70966,13.01335,0,6.50667,2.16889,0,0,0,4.33778,0,2.16889,0,2.16889,0,0,0,0,0,0,0,0,0],"P":[3.27123,5.85805,7.38876,6.50824,8.72328,7.59865,12.33207,7.17077,4.36171,6.36736,7.32096,7.47817,6.47271,8.04495,5.40949,6.71777,4.93828,6.19077,4.69402,1.13342,6.19077,5.59842,4.1452,4.36648,6.28929,2.29388,4.11816,4.11816,1.82429,3.20602,2.57766,1.38173,17.25043,2.16889,2.16889,0,12.91264,2.16889,5.37188,3.20299,2.16889,2.16889,4.33778,2.16889,0,0,0,2.06819,0,2.16889,0,0,0,0,1.03409,0,0,0,0,0,0,0,0,0,0,0,0,0,0,0,0,0,0,0]}]}